source_file,level,index,word,ja_translation,phrase,correct_count,memo
TOEIC_kin_kaitei_10,level_730,508,coverage,スポーツイベントのメディア報道,media [coverage] of a sporting event,0,
TOEIC_kin_kaitei_15,level_860,701,on-site,そのホテルには、敷地内の駐車場がある。,The hotel has [on-site] parking.,0,
TOEIC_kin_kaitei_02,level_600,167,contain,この本には役立つ情報が含まれています。,This book [contains] useful information.,0,
TOEIC_kin_kaitei_16,level_860,871,[on vale],計画を公表する。,unveil a plan.,0,
TOEIC_kin_kaitei_03,level_600,300,preparation,イベントの準備のために,in [preparation] for an event,0,
TOEIC_kin_kaitei_03,level_600,233,regulation,安全規則に従う,follow safety [regulations],0,
TOEIC_kin_kaitei_03,level_600,261,journal,専門誌の記事,a [journal] article,0,
TOEIC_kin_kaitei_16,level_860,825,lumber,材木会社,a [lumber] company,0,
TOEIC_kin_kaitei_10,level_730,576,component,電子部品,electronic [components],0,
TOEIC_kin_kaitei_03,level_600,289,minimam,最低5年の経験,a [minimum] of five years of experience,0,
TOEIC_kin_kaitei_04,level_600,358,accompany,お子様には大人の付き添いが必要です。,Children must be [accompanied] by an adult.,0,
TOEIC_kin_kaitei_16,level_860,839,vital,定期的な運動は健康に不可欠だ。,Regular exercise is [vital] for your health.,0,
TOEIC_kin_kaitei_10,level_730,562,tune,ポッドキャストにチャンネルを合わせる,tune in to a podcast,0,
TOEIC_kin_kaitei_15,level_860,761,entrepreneur,成功した起業家,a successful [entrepreneur],0,
TOEIC_kin_kaitei_15,level_860,742,specification,製品仕様,product [specifications],0,
TOEIC_kin_kaitei_10,level_730,566,patience,ご辛抱とご理解に感謝いたします。,thank you for your [patience] and understanding.,0,
TOEIC_kin_kaitei_09,level_730,478,pharmacy,一番近くの薬局はどこですか？,Where's the nearest [pharmacy]?,0,
TOEIC_kin_kaitei_16,level_860,815,surpass,期待を上回る,[surpass] expectations,0,
TOEIC_kin_kaitei_10,level_730,503,engage,市場調査に従事する,[engage] in market research,0,
TOEIC_kin_kaitei_10,level_730,556,committed,我々は優れたサービスを提供することに真剣に取り組んでいます。,We are [committed] to providing excellent service.,0,
TOEIC_kin_kaitei_10,level_730,577,urban,都市計画,[urban] planning,0,
TOEIC_kin_kaitei_04,level_600,328,achieve,目標スコアを達成する,[achieve] a target score,0,
TOEIC_kin_kaitei_03,level_600,283,neighborhood,ナオミはこの地域に住んでいる。,Naomi lives in this [neighborhood].,0,
TOEIC_kin_kaitei_02,level_600,122,encourage,従業員はそのイベントへの出席を奨励されます。,Employees are [encouraged] to attend the event.,0,
TOEIC_kin_kaitei_16,level_860,811,notable,その製品の注目すべき特徴,[notable] features of the product,0,
TOEIC_kin_kaitei_16,level_860,827,perspective,独自の観点,a unique [perspective],0,
TOEIC_kin_kaitei_02,level_600,162,respond,メールに返信する,[respond] to an email,0,
TOEIC_kin_kaitei_16,level_860,885,divise,事業計画を立てる,[devise] a business plan,0,
TOEIC_kin_kaitei_10,level_730,516,manuscript,原稿を提出する,submit a [manuscript],0,
TOEIC_kin_kaitei_10,level_730,574,outdated,時代遅れのTOEIC本,[outdated] toeic books,0,
TOEIC_kin_kaitei_01,level_600,2,following,会議の後、我々はランチをとった。,"[Following] the meeting, we had lunch.",0,
TOEIC_kin_kaitei_04,level_600,364,relatively,比較的新しい製品,a [relatively] new product,0,
TOEIC_kin_kaitei_03,level_600,276,claim,請求用紙に記入する,fill out a [claim] form,0,
TOEIC_kin_kaitei_10,level_730,547,reveal,計画を明らかにする,[reveal] a plan,0,
TOEIC_kin_kaitei_02,level_600,148,commercial,商業用不動産,[commercial] real estate,0,
TOEIC_kin_kaitei_03,level_600,225,responsible,レベッカは新入社員研修の責任者です。,Rebecca is [responsible] for training new employees.,0,
TOEIC_kin_kaitei_16,level_860,861,[mari],かいめな投資。,a modest investment.,0,
TOEIC_kin_kaitei_04,level_600,338,locate,紛失物を見つける,[locate] a missing item,0,
TOEIC_kin_kaitei_04,level_600,357,appearance,ウェブサイトの外観,the [appearance] of a website,0,
TOEIC_kin_kaitei_15,level_860,740,freight,貨物用エレベーターを使う,take the [freight] elevator,0,
TOEIC_kin_kaitei_16,level_860,812,boast,そのホテルは広々とした部屋を誇りにしている。,The hotel [boasts] spacious rooms.,0,
TOEIC_kin_kaitei_11,level_730,618,entitled,あなたには割引を受ける権利があります,you are [entitled] to a discount,0,
TOEIC_kin_kaitei_11,level_730,680,heavily,研究開発に多額の投資を行う,invest [heavily] in research and development,0,
TOEIC_kin_kaitei_02,level_600,101,development,研究開発,research and [development],0,
TOEIC_kin_kaitei_01,level_600,12,department,営業部,The sales [department],0,
TOEIC_kin_kaitei_04,level_600,373,closely,農入業者と密接に連携する,work [closely] with supplier,0,
TOEIC_kin_kaitei_09,level_730,484,implement,計画を実行する,[implement] a plan,0,
TOEIC_kin_kaitei_10,level_730,504,inspire,実話に着想を得た映画,a movie [inspired] by a true story,0,
TOEIC_kin_kaitei_11,level_730,619,enlarge,駐車場を拡張する,[enlarge] a parking area,0,
TOEIC_kin_kaitei_02,level_600,115,release,ニューアルバムを発売する,[release] a new album,0,
TOEIC_kin_kaitei_04,level_600,372,afterward,後でご質問いただけます。,You can ask questions [afterwards].,0,
TOEIC_kin_kaitei_16,level_860,894,[coincident],そのタイミングは単なる偶然の位置だった。,The timing was just a coincidence.,0,
TOEIC_kin_kaitei_11,level_730,670,illustrate,要点を説明する,[illustrate] a point,0,
TOEIC_kin_kaitei_03,level_600,271,electric,電気自動車,an [electric] vehicle,0,
TOEIC_kin_kaitei_15,level_860,749,shareholder,株主総会,a [shareholders]' meeting,0,
TOEIC_kin_kaitei_16,level_860,848,withstand,高温に耐える,[withstand] high temperature,0,
TOEIC_kin_kaitei_16,level_860,803,instrumental,イアンはイベントの準備で重要な役割を果たした。,Ian was [instrumental] in organizing the event.,0,
TOEIC_kin_kaitei_15,level_860,758,wholesale,卸売店,[wholesale] store,0,
TOEIC_kin_kaitei_02,level_600,183,assistant,技術支援を求める,request technical [assistant],0,
TOEIC_kin_kaitei_03,level_600,269,frequently,フランクは頻繁に出張する。,Frank [frequently] travels on business.,0,
TOEIC_kin_kaitei_04,level_600,344,occasion,特別な業事用のギフト,gift for a special [occasion],0,
TOEIC_kin_kaitei_01,level_600,71,management,プロジェクト管理,project [management],0,
TOEIC_kin_kaitei_15,level_860,782,activate,クレジットカードを有効化する,[activate] a credit card,0,
TOEIC_kin_kaitei_11,level_730,645,eliminate,安全状のリスクを取り除く,[eliminate] security risk,0,
TOEIC_kin_kaitei_01,level_600,86,proposal,提案を提出する,submit a [proposal],0,
TOEIC_kin_kaitei_16,level_860,818,excursion,マチュピチュへの全日小旅行,full day [excursion] to machu picchu,0,
TOEIC_kin_kaitei_11,level_730,608,belonging,個人の所持品を忘れずにお持ちください。,Don't forget to take your personal [belongings].,0,
TOEIC_kin_kaitei_02,level_600,142,launch,ウェブサイトを立ち上げる,launch a website,0,
TOEIC_kin_kaitei_04,level_600,359,generous,完大な寄付,a [generous] donation,0,
TOEIC_kin_kaitei_16,level_860,828,cutting-edge,最先端技術,[cutting-edge] technology,0,
TOEIC_kin_kaitei_16,level_860,851,[reframe],展示品に触れるのは控えてください。,Please refrain from touching the exhibit.,0,
TOEIC_kin_kaitei_03,level_600,292,environmental,環境問題,[environmental] issue,0,
TOEIC_kin_kaitei_15,level_860,751,botanical,植物園,a [botanical] garden,0,
TOEIC_kin_kaitei_03,level_600,291,satisfied,サリーはそのサービスに満足している。,Sally is [satisfied] with the service.,0,
TOEIC_kin_kaitei_04,level_600,355,reputation,良い評判を得る,earn a good [reputation],0,
TOEIC_kin_kaitei_11,level_730,698,partial,一部返金,a [partial] refund,0,
TOEIC_kin_kaitei_10,level_730,573,nutrition,栄養情報,[nutrition] information,0,
TOEIC_kin_kaitei_10,level_730,518,protect,野生動物を保護する,[protect] wildlife,0,
TOEIC_kin_kaitei_15,level_860,770,cardboard,ダンボール箱,a [cardboard] box,0,
TOEIC_kin_kaitei_09,level_730,450,payroll,給与規定,a [payroll] post,0,
TOEIC_kin_kaitei_15,level_860,774,checkup,年に一度の健康診断,an annual [checkup],0,
TOEIC_kin_kaitei_16,level_860,833,correspond,顧客とやり取りする,[correspond] with clients,0,
TOEIC_kin_kaitei_03,level_600,277,drawing,景品が当たる抽選会,a [drawing] to win prizes,0,
TOEIC_kin_kaitei_11,level_730,683,confusing,指示書が分かりにくい。,The instructions are [confusing].,0,
TOEIC_kin_kaitei_02,level_600,155,memo,内部連絡の目的は何ですか。,What is the purpose of the [memo]?,0,
TOEIC_kin_kaitei_11,level_730,623,steady,安定した仕事を見つける,find a [steady] job,0,
TOEIC_kin_kaitei_10,level_730,548,outlet,小売店,retail [outlets],0,
TOEIC_kin_kaitei_16,level_860,868,dispatch,技術者を派遣する。,[dispatch] an engineer.,0,
TOEIC_kin_kaitei_02,level_600,171,task,仕事を終える,finish a [task],0,
TOEIC_kin_kaitei_16,level_860,842,overwhelming,圧倒的多数の人,an [overwhelming] majority of people,0,
TOEIC_kin_kaitei_03,level_600,208,postpone,作業は目標まで延期された,The work has been [postponed] until Thursday.,0,
TOEIC_kin_kaitei_02,level_600,119,feedback,行為的なお客様の意見,positive customer [feedback],0,
TOEIC_kin_kaitei_04,level_600,369,essential,チームワークは我々のキッチンに不可欠です。,Teamwork is [essential] in our kitchen.,0,
TOEIC_kin_kaitei_09,level_730,427,experience,経験豊富な教師,an [experienced] teacher,0,
TOEIC_kin_kaitei_02,level_600,114,laboratory,実験器具,[laboratory] equipment,0,
TOEIC_kin_kaitei_09,level_730,485,publicity,新作映画の宣伝,[publicity] for a new movie,0,
TOEIC_kin_kaitei_04,level_600,352,physical,実店舗,a [physical] store,0,
TOEIC_kin_kaitei_04,level_600,368,lack,情報不足,a [lack] of information,0,
TOEIC_kin_kaitei_09,level_730,472,summary,報告書の要約,a [summary] of the report,0,
TOEIC_kin_kaitei_01,level_600,9,conference,会議で話す,Speak at a [conference],0,
TOEIC_kin_kaitei_15,level_860,703,mentor,メラニーがあなたの相談相手になります。,Melanie will be your [mentor].,0,
TOEIC_kin_kaitei_03,level_600,222,celebration,グランドオープンのお祝い,the grand opening [celebration],0,
TOEIC_kin_kaitei_11,level_730,615,assume,役割を引き受ける,[assume] a role,0,
TOEIC_kin_kaitei_09,level_730,422,grocery,食料雑貨店,A [grocery] store,0,
TOEIC_kin_kaitei_03,level_600,245,complex,スポーツの複合施設,a sports [complex],0,
TOEIC_kin_kaitei_02,level_600,110,deadline,締め切りに間に合う,meet a [deadline],0,
TOEIC_kin_kaitei_09,level_730,469,generate,関心を生む,[generate] interest,0,
TOEIC_kin_kaitei_11,level_730,625,emerging,新興市場,[emerging] market,0,
TOEIC_kin_kaitei_04,level_600,392,finding,最新の研究結果,the latest research [findings],0,
TOEIC_kin_kaitei_16,level_860,813,tremendous,ものすごい量の経験,a [tremendous] amount of experience,0,
TOEIC_kin_kaitei_01,level_600,73,base,トロントに拠点を置く会社,a Toronto [based] company.,0,
TOEIC_kin_kaitei_04,level_600,399,import,海外から商品を輸入する,[import] goods from overseas,0,
TOEIC_kin_kaitei_11,level_730,664,premise,敷地内でペットは許可されていません。,No pets are allowed on the [premises].,0,
TOEIC_kin_kaitei_01,level_600,82,reduce,コストを減らす,[reduce] costs,0,
TOEIC_kin_kaitei_10,level_730,579,promptly,懸念に迅速に対処する,[promptly] address concerns,0,
TOEIC_kin_kaitei_09,level_730,447,hardware,ホームセンター,a [hardware] store,0,
TOEIC_kin_kaitei_15,level_860,754,premier,ソウルの最高級ホテルの一つ,one of seoul's [premier] hotels,0,
TOEIC_kin_kaitei_15,level_860,737,voucher,割引券,a discount [voucher],0,
TOEIC_kin_kaitei_01,level_600,18,attend,ワークショップに出席する,[attend] a workshop,0,
TOEIC_kin_kaitei_03,level_600,229,definitely,その店は絶対に訪れるべきです。,You should [definitely] visit the shop.,0,
TOEIC_kin_kaitei_11,level_730,613,stream,そのイベントはオンラインで配信される。,The event will be [streamed] online.,0,
TOEIC_kin_kaitei_03,level_600,221,agreement,賃貸借契約,a rental [agreement],0,
TOEIC_kin_kaitei_01,level_600,53,industry,ファッション業界,the fashion [industry],0,
TOEIC_kin_kaitei_02,level_600,179,potential,潜在的な顧客,[potential] customer,0,
TOEIC_kin_kaitei_09,level_730,426,inquire,求人について問い合わせる,[inquire] about job opening,0,
TOEIC_kin_kaitei_16,level_860,838,recyclable,ダンボールやガラスのようなリサイクル可能なもの,[recyclable] such as cardboard and glass,0,
TOEIC_kin_kaitei_11,level_730,675,asset,アリシアはチームにとっての財産です。,Alicia is an [asset] to the team.,0,
TOEIC_kin_kaitei_04,level_600,340,shortly,すぐにご連絡します。,We will contact you [shortly].,0,
TOEIC_kin_kaitei_11,level_730,681,outcome,会議の結果,the [outcome] of a meeting,0,
TOEIC_kin_kaitei_04,level_600,313,clerk,店員,a store [clerk],0,
TOEIC_kin_kaitei_02,level_600,181,headquarter,本社をシドニーに移す,move the [headquarters] to Sydney,0,
TOEIC_kin_kaitei_09,level_730,455,exceed,期待を超える,[exceed] expectation,0,
TOEIC_kin_kaitei_01,level_600,35,process,面接の過程,the interview [process],0,
TOEIC_kin_kaitei_04,level_600,367,storm,嵐が理由でイベントを中止する,cancel an event due to a [storm],0,
TOEIC_kin_kaitei_11,level_730,688,rapidly,急成長中のビジネス,a [rapidly] growing business,0,
TOEIC_kin_kaitei_16,level_860,832,utilize,資源を利用する,[utilize] resources,0,
TOEIC_kin_kaitei_11,level_730,677,relief,安心しました。,That's a [relief].,0,
TOEIC_kin_kaitei_10,level_730,552,loyal,常連客,[loyal] customers,0,
TOEIC_kin_kaitei_01,level_600,20,local,地元の会社,[local] businesses,0,
TOEIC_kin_kaitei_02,level_600,105,agency,旅行代理店,a travel [agency],0,
TOEIC_kin_kaitei_11,level_730,687,in-house,社内デザイナー,[in-house] designer,0,
TOEIC_kin_kaitei_02,level_600,111,resident,地元住民,local [residents],0,
TOEIC_kin_kaitei_10,level_730,554,boost,販売用を押し上げる,[boost] sales,0,
TOEIC_kin_kaitei_09,level_730,492,reopen,その店は来週火曜日に営業を再開する。,The store will [reopen] next Tuesday.,0,
TOEIC_kin_kaitei_11,level_730,610,delete,ファイルを削除する,[delete] a file,0,
TOEIC_kin_kaitei_09,level_730,449,highlight,違いを強調する,[highlight] differences,0,
TOEIC_kin_kaitei_10,level_730,563,assure,我々が成功することをあなたに保証します。,I [assure] you that we will succeed.,0,
TOEIC_kin_kaitei_10,level_730,521,numerous,同社は数多くの賞を受賞している。,The company has received [numerous] awards.,0,
TOEIC_kin_kaitei_01,level_600,94,expand,授業を拡大する,[expand] a business,0,
TOEIC_kin_kaitei_09,level_730,407,ensure,確実に全てがスムーズに進むようにする,[ensure] that everything goes smoothly,0,
TOEIC_kin_kaitei_09,level_730,456,valid,有効な運転免許証,a [valid] driver's license,0,
TOEIC_kin_kaitei_11,level_730,672,restrict,そのビルへの立ち入りは制限されている。,Access to the building is [restricted].,0,
TOEIC_kin_kaitei_03,level_600,279,graduate,大学を卒業する,[graduate] from university,0,
TOEIC_kin_kaitei_02,level_600,187,seek,仕事を探し求める,[seek] a job,0,
TOEIC_kin_kaitei_15,level_860,781,segment,市場区分,a market [segment],0,
TOEIC_kin_kaitei_04,level_600,356,aspect,プロジェクトのあらゆる側面,every [aspect] of a project,0,
TOEIC_kin_kaitei_11,level_730,646,removal,除雪,snow [removal],0,
TOEIC_kin_kaitei_01,level_600,10,purchase,本を購入する,[purchase] a book,0,
TOEIC_kin_kaitei_02,level_600,192,range,後半位の活動,a wide [range] of activities,0,
TOEIC_kin_kaitei_01,level_600,76,financial,財政支援を受ける,receive [financial] support,0,
TOEIC_kin_kaitei_04,level_600,394,native,この植物は島固有です。,This plant is [native] to the island.,0,
TOEIC_kin_kaitei_03,level_600,253,demonstrate,製品を実演する,[demonstrate] a product,0,
TOEIC_kin_kaitei_02,level_600,158,council,市議会,the city [council],0,
TOEIC_kin_kaitei_03,level_600,227,specific,特定のニーズに答える,meet [specific] need,0,
TOEIC_kin_kaitei_09,level_730,434,complimentary,無料の朝食,a [complimentary] breakfast,0,
TOEIC_kin_kaitei_04,level_600,353,praise,従業員を褒める,[praise] and employee,0,
TOEIC_kin_kaitei_04,level_600,349,absolutely,食事は本当に美味しかった。,The meal was [absolutely] delicious.,0,
TOEIC_kin_kaitei_04,level_600,331,fair,運賃の値上げ,a [fair] increase,0,
TOEIC_kin_kaitei_15,level_860,777,dimension,部屋の寸法,Room [dimension],0,
TOEIC_kin_kaitei_03,level_600,213,highly,非常に成功しているビジネス,a [highly] successful business,0,
TOEIC_kin_kaitei_03,level_600,239,efficient,スペースの効率的な利用,[efficient] use of space,0,
TOEIC_kin_kaitei_03,level_600,248,finalize,計画を仕上げる。,[finalize] a plan,0,
TOEIC_kin_kaitei_03,level_600,268,automobile,自動車メーカー,an [automobile] manufacturer,0,
TOEIC_kin_kaitei_15,level_860,714,state of the art,最新式の設備,[state of the art] equipment,0,
TOEIC_kin_kaitei_03,level_600,265,approach,新しいマーケティング手法,a new marketing [approach],0,
TOEIC_kin_kaitei_15,level_860,768,closure,道路の閉鎖,a road [closure],0,
TOEIC_kin_kaitei_01,level_600,26,increase,コストが増加するかもしれない,The cost may [increase],0,
TOEIC_kin_kaitei_03,level_600,246,insurance,保健会社,an [insurance] company,0,
TOEIC_kin_kaitei_01,level_600,87,introduce,講演者を紹介する,[introduce] a speaker,0,
TOEIC_kin_kaitei_01,level_600,31,delivery,配達日を変更する,change of [delivery] date,0,
TOEIC_kin_kaitei_04,level_600,318,emphasize,違いを強調する,[emphasize] the difference,0,
TOEIC_kin_kaitei_16,level_860,853,transcript,公式の成績証明書。,an official [transcript].,0,
TOEIC_kin_kaitei_11,level_730,604,portion,用紙の一番下の部分,the bottom [portion] of the form,0,
TOEIC_kin_kaitei_16,level_860,888,moderate,適度の運動。,[moderate] exercise.,0,
TOEIC_kin_kaitei_01,level_600,27,opening,求人を掲載する,post a job [opening],0,
TOEIC_kin_kaitei_09,level_730,401,supervisor,上司と話す,speak with a [supervisor],0,
TOEIC_kin_kaitei_10,level_730,596,skill,熟練した技術者,a [skilled] technician,0,
TOEIC_kin_kaitei_11,level_730,649,sufficient,十分な時間,[sufficient] time,0,
TOEIC_kin_kaitei_15,level_860,735,lodging,旅費と宿泊費,travel and [lodging] expenses,0,
TOEIC_kin_kaitei_10,level_730,571,mission,その会社の使命,the company's [mission],0,
TOEIC_kin_kaitei_03,level_600,237,architect,建築家の設計に目を通す。,Review the [architects] design.,0,
TOEIC_kin_kaitei_15,level_860,733,projection,販売予測,sales [projections],0,
TOEIC_kin_kaitei_01,level_600,36,construction,建設会社,a [construction] company,0,
TOEIC_kin_kaitei_09,level_730,412,retail,小売店,[retail] store,0,
TOEIC_kin_kaitei_11,level_730,630,sector,製造業部門,the manufacturing [sector],0,
TOEIC_kin_kaitei_03,level_600,257,earn,学位を得る,[earn] a degree,0,
TOEIC_kin_kaitei_15,level_860,795,sustainable,持続可能な農法,[sustainable] farming practices,0,
TOEIC_kin_kaitei_15,level_860,792,interruption,サービスの中断,service [interruption],0,
TOEIC_kin_kaitei_16,level_860,817,criteria,全ての基準を満たす,meet all the [criteria],0,
TOEIC_kin_kaitei_04,level_600,348,complicated,そのシステムはとても複雑だ。,The system is very [complicated].,0,
TOEIC_kin_kaitei_15,level_860,752,simplify,プロセスを簡素化する,[simplify] a process,0,
TOEIC_kin_kaitei_09,level_730,416,notify,事前に我々にお知らせください。,Please [notify] us in advance.,0,
TOEIC_kin_kaitei_04,level_600,325,contribute,チームに貢献する,[contribute] to a team,0,
TOEIC_kin_kaitei_01,level_600,40,submit,用紙を提出する,[submit] a form,0,
TOEIC_kin_kaitei_11,level_730,629,consistently,常に高いパフォーマンス,[consistently] high performance,0,
TOEIC_kin_kaitei_09,level_730,496,initiative,会社の新たな取り組み,a company [initiative],0,
TOEIC_kin_kaitei_10,level_730,557,commission,エネルギー委員会のメンバー,a member of the energy [commission],0,
TOEIC_kin_kaitei_01,level_600,84,register,会議教室に登録する,[register] for a painting class,0,
TOEIC_kin_kaitei_10,level_730,572,taylor,当社のサービスは皆様のニーズに合わせています。,Our services are [tailored] to your needs.,0,
TOEIC_kin_kaitei_01,level_600,66,extra,追加料金を支払う,pay an [extra] fee,0,
TOEIC_kin_kaitei_11,level_730,671,accordingly,外は寒くなってきていますので、それに応じた服装をしてください。,"It's getting cold outside, so dress [accordingly].",0,
TOEIC_kin_kaitei_11,level_730,667,urge,アナは早く行動することを彼に強く進めた。,Anna [urged] him to act quickly.,0,
TOEIC_kin_kaitei_11,level_730,692,adequate,十分なトレーニングを受ける,receive [adequate] training,0,
TOEIC_kin_kaitei_09,level_730,474,tourism,観光産業,the [tourism] industry,0,
TOEIC_kin_kaitei_04,level_600,343,proof,支払い証明,[proof] of payment,0,
TOEIC_kin_kaitei_16,level_860,893,appraisal,不動産査定,Real Estate [appraisal],0,
TOEIC_kin_kaitei_10,level_730,567,sightseeing,細紋は休暇中、観光を楽しんだ。,Simon enjoyed [sightseeing] during his vacation.,0,
TOEIC_kin_kaitei_09,level_730,417,agenda,会議の議題を準備する,prepare a meeting [agenda],0,
TOEIC_kin_kaitei_03,level_600,264,nearly,ほぼ３年,[nearly] three years,0,
TOEIC_kin_kaitei_10,level_730,586,remote,リモートワーク,[remote] work,0,
TOEIC_kin_kaitei_04,level_600,341,diet,バランスの取れた食事,A well-balanced [diet],0,
TOEIC_kin_kaitei_02,level_600,124,expense,経費を削減する,reduce expenses,0,
TOEIC_kin_kaitei_03,level_600,216,determine,問題の原因を特定する,[determine] the cause of a problem,0,
TOEIC_kin_kaitei_02,level_600,200,crew,作業チーム,a work [crew],0,
TOEIC_kin_kaitei_03,level_600,207,improvement,ウェブサイトを改善する,make [improvements] to a website,0,
TOEIC_kin_kaitei_10,level_730,560,exclusive,独占インタビュー,an [exclusive] interview,0,
TOEIC_kin_kaitei_09,level_730,500,undergo,研修を受ける,[undergo] training,0,
TOEIC_kin_kaitei_03,level_600,234,mayor,メイビル市の市長,the [mayor] of Mayville city,0,
TOEIC_kin_kaitei_03,level_600,266,content,荷物の中身,the [contents] of a packet,0,
TOEIC_kin_kaitei_16,level_860,898,controversial,物材をかもす新幹。,A [controversial] new book.,0,
TOEIC_kin_kaitei_10,level_730,559,souvenir,土産物店,a [souvenir] shop,0,
TOEIC_kin_kaitei_16,level_860,806,incur,出張中に発生した経費,expenses [incurred] during a business trip,0,
TOEIC_kin_kaitei_04,level_600,389,election,地方選挙,a local [election],0,
TOEIC_kin_kaitei_01,level_600,81,arrange,会議を手配する,[arrange] a meeting,0,
TOEIC_kin_kaitei_02,level_600,152,selection,食品の幅広い品揃え,a wide [selection] of food,0,
TOEIC_kin_kaitei_02,level_600,170,transfer,トムはシンガポールに転勤した。,Tom was [transferred] to Singapore.,0,
TOEIC_kin_kaitei_09,level_730,480,outline,計画の概要を説明する,[outline] a plan,0,
TOEIC_kin_kaitei_09,level_730,493,machinery,建設機械,construction [machinery],0,
TOEIC_kin_kaitei_09,level_730,497,talented,才能のあるアーティスト,a [talented] artist,0,
TOEIC_kin_kaitei_03,level_600,230,destination,人気の観光地,a popular tourist [destination],0,
TOEIC_kin_kaitei_16,level_860,822,proficiency,その仕事には英語の高い運用能力が求められる。,The job requires [proficiency] in English.,0,
TOEIC_kin_kaitei_11,level_730,679,alike,先生も生徒も同様に,teachers and students [alike],0,
TOEIC_kin_kaitei_11,level_730,659,resign,役職を辞任する,[resigned] from a position,0,
TOEIC_kin_kaitei_04,level_600,371,surround,その地域は山に囲まれている。,The area is [surrounded] by mountains.,0,
TOEIC_kin_kaitei_09,level_730,477,acquire,知識を得る,[acquire] knowledge,0,
TOEIC_kin_kaitei_04,level_600,323,combine,他のアイデアを組み合わせる,[combine] two ideas,0,
TOEIC_kin_kaitei_16,level_860,802,prestigious,権威ある賞,a [prestigious] award.,0,
TOEIC_kin_kaitei_11,level_730,693,separately,品物は別々に発送されます。,The items will be shipped [separately].,0,
TOEIC_kin_kaitei_16,level_860,808,convey,メッセージを伝える,[convey] a message,0,
TOEIC_kin_kaitei_01,level_600,13,contact,マネージャーに連絡する,[contact] the manager,0,
TOEIC_kin_kaitei_16,level_860,890,[tensitive],仮のスケジュール。,A tentative schedule.,0,
TOEIC_kin_kaitei_10,level_730,530,equip,部屋にはWi-Fiが備わっています。,The rooms are [equipped] with Wi-Fi.,0,
TOEIC_kin_kaitei_02,level_600,177,consumer,消費者の意見に応じて,in response to [consumer] feedback,0,
TOEIC_kin_kaitei_11,level_730,627,critical,極めて重要な要因,a [critical] factor,0,
TOEIC_kin_kaitei_02,level_600,138,successful,そのプロジェクトは成功した。,The project was [successful].,0,
TOEIC_kin_kaitei_16,level_860,830,perfume,香水瓶,a [perfume] bottle,0,
TOEIC_kin_kaitei_01,level_600,11,include,料金には朝食を含みます。,The price [includes] breakfast.,0,
TOEIC_kin_kaitei_16,level_860,801,surplus,余剰の産物,a [surplus] of agricultural product,0,
TOEIC_kin_kaitei_04,level_600,312,anniversary,劇場の20周年を祝う,celebrate the theater's 20th [anniversary],0,
TOEIC_kin_kaitei_15,level_860,789,proceed,そのイベントの全収益,all [proceeds] from the event,0,
TOEIC_kin_kaitei_09,level_730,482,productivity,生産性を改善する,improve [productivity],0,
TOEIC_kin_kaitei_02,level_600,106,upcoming,今度のイベントを告知する,announce an [upcoming] event,0,
TOEIC_kin_kaitei_09,level_730,431,recruit,新しいスタッフを採用する,[recruit] new staff,0,
TOEIC_kin_kaitei_09,level_730,405,revice,スケジュールを修正する,revise a schedule,0,
TOEIC_kin_kaitei_04,level_600,309,found,その会社は10年前に設立された。,The company was [founded] 10 years ago.,0,
TOEIC_kin_kaitei_11,level_730,654,luxury,高級車,a [luxury] car,0,
TOEIC_kin_kaitei_10,level_730,537,protective,保護服を着る,wear [protective] clothing,0,
TOEIC_kin_kaitei_15,level_860,778,prospective,見込み客,[prospective] clients,0,
TOEIC_kin_kaitei_09,level_730,488,capacity,このコンピュータは大容量のストレージを備えている。,This computer has a large storage [capacity].,0,
TOEIC_kin_kaitei_10,level_730,591,prohibit,当ミュージアムではフラッシュ撮影は禁止されています。,Flash photography is [prohibited] in this museum.,0,
TOEIC_kin_kaitei_11,level_730,616,profession,ピーターソンさんの職業は何ですか？,What is Miss Peterson's [profession]?,0,
TOEIC_kin_kaitei_16,level_860,864,optimistic,オリビアは会社の将来について落観的だ。,Olivia is [optimistic] about the company's future.,0,
TOEIC_kin_kaitei_15,level_860,755,bid,入札する,make a bit,0,
TOEIC_kin_kaitei_04,level_600,391,accurate,正確な記録を残す,keep [accurate] record,0,
TOEIC_kin_kaitei_09,level_730,494,dealership,車の販売代理点,a car [dealership],0,
TOEIC_kin_kaitei_02,level_600,197,general,一般大衆,the [general] public,0,
TOEIC_kin_kaitei_09,level_730,414,consult,専門家に相談する,[consult] an expert,0,
TOEIC_kin_kaitei_15,level_860,767,spacious,広々とした部屋,a [spacious] room,0,
TOEIC_kin_kaitei_16,level_860,877,attribute,アマンダは自身の成功を幸運によるものだと考えている。,Amanda [attributes] her success to love.,0,
TOEIC_kin_kaitei_10,level_730,525,commute,日々の通勤,a daily [commute],0,
TOEIC_kin_kaitei_02,level_600,136,branch,ブダペストに支店を開設する,set up a [branch] in Budapest,0,
TOEIC_kin_kaitei_16,level_860,835,outing,年に一度の社員旅行,the annual company [outing],0,
TOEIC_kin_kaitei_03,level_600,242,admission,入場料は無料です。,[admission] is free.,0,
TOEIC_kin_kaitei_10,level_730,529,accommodation,ホテルの宿泊施設,hotel [accommodations],0,
TOEIC_kin_kaitei_16,level_860,823,courteous,フレンドリーで礼儀正しいスタッフ,friendly and [courteous] staff,0,
TOEIC_kin_kaitei_01,level_600,74,currently,当オフィスは現在休業中です。,Our office is [currently] closed.,0,
TOEIC_kin_kaitei_02,level_600,176,limited,時間限定で,for a [limited] time,0,
TOEIC_kin_kaitei_10,level_730,513,reliable,信頼できるサービス,[reliable] service,0,
TOEIC_kin_kaitei_01,level_600,77,consider,私は家を買うことを考えています。,I'm [considering] buying a house.,0,
TOEIC_kin_kaitei_01,level_600,95,host,ディナーパーティーを主催する,[host] a dinner party,0,
TOEIC_kin_kaitei_01,level_600,96,reserve,会議室を予約する,[reserve] a meeting room,0,
TOEIC_kin_kaitei_15,level_860,756,duration,イベントの期間中,for the [duration] of the event,0,
TOEIC_kin_kaitei_16,level_860,857,subsidiary,公会社を設立する。,Establish a [subsidiary].,0,
TOEIC_kin_kaitei_10,level_730,558,timeline,プロジェクトの予定表,a project [timeline],0,
TOEIC_kin_kaitei_15,level_860,776,fragile,壊れやすいもの,[fragile] items,0,
TOEIC_kin_kaitei_01,level_600,65,mail,クーポンを郵便で受け取る,receive a coupon in the [mail],0,
TOEIC_kin_kaitei_15,level_860,769,webinar,Webセミナーに登録する,sign up for a [webinar],0,
TOEIC_kin_kaitei_01,level_600,72,resources,天然資源,natural [resources],0,
TOEIC_kin_kaitei_01,level_600,55,payment,地払いをする,make a [payment],0,
TOEIC_kin_kaitei_01,level_600,61,confirm,アポを確認する,[confirm] an appointment,0,
TOEIC_kin_kaitei_03,level_600,252,recognize,当社製品は品質の高さで認められています。,Our products are [recognized] for their quality.,0,
TOEIC_kin_kaitei_11,level_730,624,enthusiastic,提案に対する熱心な反応,[enthusiastic] response to a suggestion,0,
TOEIC_kin_kaitei_04,level_600,398,scholarship,奨学金を申請する,apply for a [scholarship],0,
TOEIC_kin_kaitei_02,level_600,161,quarter,第２四半期,the second [quarter],0,
TOEIC_kin_kaitei_10,level_730,507,tenant,前の居住者,the previous [tenant],0,
TOEIC_kin_kaitei_01,level_600,4,employee,会社の全従業員,all company [employees],0,
TOEIC_kin_kaitei_01,level_600,93,property,物件を見学する,take a tour of a [property],0,
TOEIC_kin_kaitei_02,level_600,174,brochure,旅行のパンフレット,a ttravel [brochure],0,
TOEIC_kin_kaitei_15,level_860,765,retreat,社員旅行を取りまとめる,coordinate a company [retreat],0,
TOEIC_kin_kaitei_03,level_600,284,traditional,伝統音楽,[traditional] music,0,
TOEIC_kin_kaitei_10,level_730,589,video conference,ビデオ会議に加わる,join a [video conference],0,
TOEIC_kin_kaitei_01,level_600,28,ship,ご注文は昨日発送されました。,Your order was [shipped] yesterday.,0,
TOEIC_kin_kaitei_10,level_730,509,aircraft,航空機メーカー,an [aircraft] manufacturer,0,
TOEIC_kin_kaitei_15,level_860,730,overview,プロジェクトの概要,a project [overview],0,
TOEIC_kin_kaitei_02,level_600,125,renovation,図書館の改修,[renovation] of the library,0,
TOEIC_kin_kaitei_01,level_600,19,hire,新しいスタッフを雇う,[hire] new staff,0,
TOEIC_kin_kaitei_11,level_730,638,informal,非公式の話し合い,[informal] discussion,0,
TOEIC_kin_kaitei_03,level_600,249,related,3年の関連経験,three years of [related] experience,0,
TOEIC_kin_kaitei_04,level_600,339,background,マーケティングの経歴,a [background] in marketing,0,
TOEIC_kin_kaitei_03,level_600,214,deal,それは素晴らしい取引だ！,That's a great [deal]!,0,
TOEIC_kin_kaitei_16,level_860,858,periodic,定期的な危機のメンテナンス。,[periodic] maintenance of equipment.,0,
TOEIC_kin_kaitei_16,level_860,846,supplement,新聞の日曜版の付録,the sunday [supplement] of the newspaper,0,
TOEIC_kin_kaitei_11,level_730,651,strive,我々はサービス向上に努めています。,We're [striving] to improve our service.,0,
TOEIC_kin_kaitei_03,level_600,226,enclose,同封しましたのは、私の履歴書です。,[Enclosed] is a copy of my resume.,0,
TOEIC_kin_kaitei_04,level_600,363,soil,土壌を分析する。,analyze the [soil],0,
TOEIC_kin_kaitei_10,level_730,501,packet,情報一式,an information [packet],0,
TOEIC_kin_kaitei_15,level_860,739,designate,指定されたエリア,a [designated] area,0,
TOEIC_kin_kaitei_03,level_600,250,entry,エントリー費を支払う,pay an [entry] fee,0,
TOEIC_kin_kaitei_02,level_600,184,distribute,書類を配布する,[distribute] a document,0,
TOEIC_kin_kaitei_11,level_730,622,compensation,報酬パッケージ,a [compensation] package,0,
TOEIC_kin_kaitei_11,level_730,674,favorable,好意的なレビュー,[favorable] review,0,
TOEIC_kin_kaitei_15,level_860,720,defective,不良品を返品する,return a [defective] product,0,
TOEIC_kin_kaitei_01,level_600,22,article,記事を書く,write an [article],0,
TOEIC_kin_kaitei_03,level_600,244,profit,利益を伸ばす,Increase [profit],0,
TOEIC_kin_kaitei_04,level_600,396,settle,新たな仕事になれる,[settle] into a new job,0,
TOEIC_kin_kaitei_15,level_860,727,textile,繊維メーカー,a [textile] manufacturer,0,
TOEIC_kin_kaitei_16,level_860,845,outgoing,社交的な性格,an [outgoing] personality,0,
TOEIC_kin_kaitei_16,level_860,807,lengthy,長時間の議論,a [lengthy] discussion,0,
TOEIC_kin_kaitei_04,level_600,366,eager,エドガーは新しいスキルを学ぶことを熱望している。,Edgar is [eager] to learn new skills.,0,
TOEIC_kin_kaitei_16,level_860,855,adjacent,そのカフェは劇場に隣接している。,The café is [adjacent] to the theatre.,0,
TOEIC_kin_kaitei_03,level_600,293,former,元従業員,a [former] employee,0,
TOEIC_kin_kaitei_09,level_730,499,resolve,顧客の苦情を解決する,[resolve] customer complaint,0,
TOEIC_kin_kaitei_11,level_730,607,thoroughly,当社の製品は全て徹底的にテストされています。,All our products are [thoroughly] tested.,0,
TOEIC_kin_kaitei_15,level_860,785,detergent,洗濯洗剤,laundry [detergent],0,
TOEIC_kin_kaitei_04,level_600,376,existing,既存の顧客,[existing] customer,0,
TOEIC_kin_kaitei_15,level_860,772,hands-on,実地研修,[hands-on] training,0,
TOEIC_kin_kaitei_04,level_600,322,structure,経営構造,management [structure],0,
TOEIC_kin_kaitei_16,level_860,856,[navit],プロの料理人も初心者の料理人も同様に。,Professional and novice cooks alike.,0,
TOEIC_kin_kaitei_15,level_860,746,compartment,電池ボックス,a battery [compartment],0,
TOEIC_kin_kaitei_01,level_600,39,survey,アンケートに記入する,complete a [survey],0,
TOEIC_kin_kaitei_09,level_730,463,qualified,適任の候補者,a [qualified] candidate,0,
TOEIC_kin_kaitei_09,level_730,418,trail,この道は滝に続いています。,This [trail] leads to a waterfall.,0,
TOEIC_kin_kaitei_04,level_600,354,observe,機械がどのように動作するかを観察する,[observe] how a machine works,0,
TOEIC_kin_kaitei_09,level_730,411,specialized,その会社はデジタルマーケティングを専門にしている。,The company [specializes] in digital marketing.,0,
TOEIC_kin_kaitei_04,level_600,317,delighted,我々はその知らせを聞いて、多いに喜んでいます。,We are [delighted] to hear the news.,0,
TOEIC_kin_kaitei_10,level_730,546,disappointed,ダンはそのサービスにがっかりした。,Dan was [disappointed] with the service.,0,
TOEIC_kin_kaitei_02,level_600,139,merchandise,商品を返品する。,return some [merchandise],0,
TOEIC_kin_kaitei_15,level_860,738,compliance,法律を遵守して,in [compliance] with the law,0,
TOEIC_kin_kaitei_02,level_600,190,cafeteria,社員食堂でランチを取りましょう。,Let's have lunch in the company [cafeteria].,0,
TOEIC_kin_kaitei_03,level_600,285,explore,市内を探索する,[explore] a city,0,
TOEIC_kin_kaitei_10,level_730,541,comprehensive,総合保障,a [comprehensive] warranty,0,
TOEIC_kin_kaitei_10,level_730,512,typically,その店は通常午後5時に閉店する。,The store [typically] closes at 5pm.,0,
TOEIC_kin_kaitei_09,level_730,438,relocate,本社を移転させる,[relocate] the headquarter,0,
TOEIC_kin_kaitei_01,level_600,75,rate,割引料金を受ける,receive a discounted [rate],0,
TOEIC_kin_kaitei_01,level_600,25,equipment,事務機器を購入する,purchase office [equipment],0,
TOEIC_kin_kaitei_01,level_600,21,repair,コンピュータを修理する,[repair] a computer,0,
TOEIC_kin_kaitei_10,level_730,587,encounter,困難に遭遇する,[encounter] difficulties,0,
TOEIC_kin_kaitei_15,level_860,784,managerial,管理職の経験,[managerial] experience,0,
TOEIC_kin_kaitei_09,level_730,420,vendor,飲食物の販売業者,food and beverage [vendor],0,
TOEIC_kin_kaitei_02,level_600,185,raise,事前活動のためにお金を集める,[raise] money for charity,0,
TOEIC_kin_kaitei_01,level_600,90,opportunity,海外で働く機会,an [opportunity] to work abroad,0,
TOEIC_kin_kaitei_16,level_860,852,allocate,研究開発に資金を割り当てる。,[allocate] funds for research and development.,0,
TOEIC_kin_kaitei_16,level_860,826,fascinating,魅力的なストーリー,a [fascinating] story,0,
TOEIC_kin_kaitei_16,level_860,816,municipal,市役所や他の市の建物,city hall and other [municipal] buildings,0,
TOEIC_kin_kaitei_16,level_860,810,eatery,地元の店や飲食店,local shops and [eateries],0,
TOEIC_kin_kaitei_16,level_860,841,season,熟練したプロ,a [seasoned] professional,0,
TOEIC_kin_kaitei_09,level_730,425,personnel,トレーニングを受けたスタッフ,trained [personnel],0,
TOEIC_kin_kaitei_02,level_600,118,corporate,法人クレジットカード,a [corporate] credit card,0,
TOEIC_kin_kaitei_10,level_730,568,gear,安全装備,safety [gear],0,
TOEIC_kin_kaitei_11,level_730,643,modify,契約を修正する,[modify] a contract,0,
TOEIC_kin_kaitei_09,level_730,454,innovative,革新的な製品,an [innovative] product,0,
TOEIC_kin_kaitei_02,level_600,103,benefits,会社の手当て,company [benefit],0,
TOEIC_kin_kaitei_02,level_600,126,excellent,素晴らしいサービス,[excellent] service,0,
TOEIC_kin_kaitei_10,level_730,510,restore,電力は復旧した,power has been [restored],0,
TOEIC_kin_kaitei_04,level_600,337,gain,ゲイルは多くの経験を得た。,Gale [gained] lots of experience.,0,
TOEIC_kin_kaitei_11,level_730,640,portrait,肖像画を描く,paint a [portrait],0,
TOEIC_kin_kaitei_02,level_600,194,avoid,紙の無駄遣いを避ける,[avoid] wasting paper,0,
TOEIC_kin_kaitei_03,level_600,241,tip,役立つ旅のヒント,useful travel [tips],0,
TOEIC_kin_kaitei_04,level_600,303,brief,簡単な調査,a [brief] survey,0,
TOEIC_kin_kaitei_04,level_600,305,setting,プリンターの設定を調整する,adjust the printer [setting],0,
TOEIC_kin_kaitei_10,level_730,582,domestic,国内線の乗客。,Passengers on [domestic] flights.,0,
TOEIC_kin_kaitei_15,level_860,750,informative,有益なプレゼン,an [informative] presentation,0,
TOEIC_kin_kaitei_04,level_600,387,attempt,荷物を配達する2回目の試み,The second [attempt] to deliver a package,0,
TOEIC_kin_kaitei_11,level_730,611,dairy,乳製品,[dairy] products.,0,
TOEIC_kin_kaitei_09,level_730,429,multiple,そのビジネスには複数の事業所がある。,The business has [multiple] locations.,0,
TOEIC_kin_kaitei_11,level_730,601,pursue,夢を追い求める,[pursue] a dream,0,
TOEIC_kin_kaitei_01,level_600,3,refer,地図を参照してください。,Please [refer] to the map.,0,
TOEIC_kin_kaitei_10,level_730,523,dedicated,我々は環境保護に打ち込んでいます。,We are [dedicated] to preserving the environment.,0,
TOEIC_kin_kaitei_01,level_600,85,focus,目標に集中しよう。,[Focus] on your goal.,0,
TOEIC_kin_kaitei_02,level_600,172,intend,私はそうするつもりです。,I [intend] to do that.,0,
TOEIC_kin_kaitei_15,level_860,707,renown,有名なアーティスト,a [renowned] artist,0,
TOEIC_kin_kaitei_02,level_600,127,fund,我々は追加の資金が必要です。,We need additional funds.,0,
TOEIC_kin_kaitei_09,level_730,408,catering,そのカフェはケータリングサービスを提供している。,The cafe offers [catering] services.,0,
TOEIC_kin_kaitei_01,level_600,68,publish,雑誌を出版する,[publish] a magazine,0,
TOEIC_kin_kaitei_03,level_600,247,guarantee,最低価格を保証する。,[guarantee] the lowest price,0,
TOEIC_kin_kaitei_16,level_860,863,consent,庶面による同意なしに。,without written [consent].,0,
TOEIC_kin_kaitei_03,level_600,240,statement,クレジットカードの明細書,a credit card [statement],0,
TOEIC_kin_kaitei_09,level_730,452,administrative,管理アシスタント,an [administrative] assistant,0,
TOEIC_kin_kaitei_01,level_600,23,update,スケジュールを更新する,[update] a schedule,0,
TOEIC_kin_kaitei_09,level_730,421,inspection,安全点検,a safety [inspection],0,
TOEIC_kin_kaitei_10,level_730,597,remark,開催の言葉,opening [remarks],0,
TOEIC_kin_kaitei_09,level_730,495,hallway,廊下の電気は消えている。,The lights in the [hallway] are off.,0,
TOEIC_kin_kaitei_11,level_730,689,investigate,原因を調査する,[investigate] the cause,0,
TOEIC_kin_kaitei_04,level_600,316,overall,全体の売り上げ,[overall] sale,0,
TOEIC_kin_kaitei_02,level_600,178,procedure,安全手順,safety [procedure],0,
TOEIC_kin_kaitei_11,level_730,694,rarely,ロジャーは滅多に仕事に遅刻しない。,Roger is [rarely] late for work.,0,
TOEIC_kin_kaitei_11,level_730,682,persuade,ピーターは説得されて考えを変えた。,Peter was [persuaded] to change his mind.,0,
TOEIC_kin_kaitei_10,level_730,517,recipient,助成金の受給者,[recipients] of a grant,0,
TOEIC_kin_kaitei_03,level_600,205,demand,ご客の需要を満たす,meet customer [demand],0,
TOEIC_kin_kaitei_10,level_730,592,assess,リスクを評価する,[assess] risks,0,
TOEIC_kin_kaitei_15,level_860,762,acclaimed,評論家に高く評価されている映画,a critically [acclaimed] film,0,
TOEIC_kin_kaitei_03,level_600,297,significant,かなりの利益増,a [significant] increase in profit,0,
TOEIC_kin_kaitei_01,level_600,37,charge,そのサービスは無料で提供されます。,The service is provided free of [charge].,0,
TOEIC_kin_kaitei_03,level_600,232,leading,一流の専門家,a [leading] expert,0,
TOEIC_kin_kaitei_09,level_730,468,patron,図書館の利用者,library [patrons],0,
TOEIC_kin_kaitei_15,level_860,775,resistant,大熱ガラス,heat [resistant] glass,0,
TOEIC_kin_kaitei_15,level_860,747,facilitate,議論を促進する,[facilitate] a discussion,0,
TOEIC_kin_kaitei_02,level_600,132,inform,新製品について顧客に知らせる。,[inform] customers about new products,0,
TOEIC_kin_kaitei_03,level_600,298,educational,教育プログラム,an [educational] programs,0,
TOEIC_kin_kaitei_16,level_860,892,fraction,元の価格の数分の1。,a [fraction] of the original price.,0,
TOEIC_kin_kaitei_11,level_730,657,statistics,最新の統計,the latest [statistics],0,
TOEIC_kin_kaitei_04,level_600,320,worth,その本は読む価値がある。,The book is [worth] reading.,0,
TOEIC_kin_kaitei_09,level_730,440,anticipate,結果は予想以上に良かった。,The results were better than [anticipated].,0,
TOEIC_kin_kaitei_03,level_600,259,deposit,保証金,a security [deposit],0,
TOEIC_kin_kaitei_09,level_730,486,aisle,通路側の席をお願いします。,"I would like an [aisle] seat, please.",0,
TOEIC_kin_kaitei_11,level_730,653,adapt,新しい環境に順応する,[adapt] to a new environment,0,
TOEIC_kin_kaitei_11,level_730,648,interact,顧客と交流する,[interact] with customers,0,
TOEIC_kin_kaitei_16,level_860,860,[understand],そのレストランは人手不足だ。,The restaurant is [understaffed].,0,
TOEIC_kin_kaitei_04,level_600,330,duty,職務,work [duties],0,
TOEIC_kin_kaitei_11,level_730,676,manner,タイミングの良いやり方で,in a timely [manner],0,
TOEIC_kin_kaitei_10,level_730,553,cookware,調理器具の新しいラインナップ,a new line of [cookware],0,
TOEIC_kin_kaitei_04,level_600,314,aware,アランはその問題に気づいている。,Alan is [aware] of the problem.,0,
TOEIC_kin_kaitei_01,level_600,48,recommend,早く着くことを勧める,[recommend] arriving early,0,
TOEIC_kin_kaitei_09,level_730,473,questionnaire,アンケート用紙に記入する,complete a [questionnaire],0,
TOEIC_kin_kaitei_04,level_600,315,progress,プロジェクトの進行状況を確認する,check the [progress] of a project,0,
TOEIC_kin_kaitei_03,level_600,231,district,ビジネス地区,a business [district],0,
TOEIC_kin_kaitei_15,level_860,799,spectacular,市の壮観な眺め,a [spectacular] view of the city,0,
TOEIC_kin_kaitei_16,level_860,843,devoted,献身的なファン,a [devoted] fan,0,
TOEIC_kin_kaitei_09,level_730,424,paperwork,書類に記入する,fill out [paperwork],0,
TOEIC_kin_kaitei_11,level_730,663,vacant,空きスペース,a [vacant] space,0,
TOEIC_kin_kaitei_02,level_600,160,regular,通常営業時間,[regular] business hours,0,
TOEIC_kin_kaitei_16,level_860,889,humidity,気温と湿度。,temperature and [humidity].,0,
TOEIC_kin_kaitei_11,level_730,661,exposure,日光に直接さらすこと,direct [exposure] to sunlight,0,
TOEIC_kin_kaitei_01,level_600,100,bill,請求書を受け取る,receive a [bill],0,
TOEIC_kin_kaitei_01,level_600,47,fee,追加料金を支払う,pay an additional [fee],0,
TOEIC_kin_kaitei_04,level_600,377,regret,遅れを残念に思います。,We [regret] the delay.,0,
TOEIC_kin_kaitei_10,level_730,598,weekday,平日のスケジュール,a [weekday] schedule,0,
TOEIC_kin_kaitei_16,level_860,895,straightforward,申請手続きは簡単です。,The application process is [straightforward].,0,
TOEIC_kin_kaitei_03,level_600,278,flavor,コーヒーの新しい味,a new coffee [flavor],0,
TOEIC_kin_kaitei_15,level_860,719,pottery,陶芸工房,a [pottery] studio,0,
TOEIC_kin_kaitei_15,level_860,734,confidential,患者の記録は機密です。,Patient records are [confidential].,0,
TOEIC_kin_kaitei_15,level_860,743,insight,貴重なビジネス上の洞察を提供する,provide valuable business [insights],0,
TOEIC_kin_kaitei_09,level_730,413,strategy,マーケティング戦略,a marketing [strategy],0,
TOEIC_kin_kaitei_04,level_600,374,permanent,常設展,a [permanent] exhibit,0,
TOEIC_kin_kaitei_01,level_600,38,material,建設資材,construction [materials],0,
TOEIC_kin_kaitei_11,level_730,639,shortage,材料不足,material [shortages],0,
TOEIC_kin_kaitei_09,level_730,487,auditorium,300席の講堂,a 300-seat [auditorium],0,
TOEIC_kin_kaitei_01,level_600,41,create,ウェブサイトを作る,[create] a website,0,
TOEIC_kin_kaitei_10,level_730,527,phase,第1段階,the first [phase],0,
TOEIC_kin_kaitei_10,level_730,531,exceptional,非常に優れた顧客サービス,[exceptional] customer service,0,
TOEIC_kin_kaitei_10,level_730,578,adjustment,計画を調整する,make [adjustments] to the plan,0,
TOEIC_kin_kaitei_10,level_730,522,motivate,従業員をやる気にさせる,[motivate] employees,0,
TOEIC_kin_kaitei_11,level_730,628,physician,医師に相談する,consult a [physician],0,
TOEIC_kin_kaitei_02,level_600,149,reference,推薦状を出す,provide a letter of [reference],0,
TOEIC_kin_kaitei_02,level_600,104,rent,アパートを借りる,[rent] an apartment,0,
TOEIC_kin_kaitei_09,level_730,436,sculpture,彫刻展,a [sculpture] exhibition,0,
TOEIC_kin_kaitei_11,level_730,626,differ,TOEICはTOEFLとどうことなりますか？,How does Toic [differ] from Toful?,0,
TOEIC_kin_kaitei_16,level_860,883,remainder,年の残りの期間。,for the [remainder] of the year.,0,
TOEIC_kin_kaitei_15,level_860,729,fleet,保有車両,a [fleet] of vehicles,0,
TOEIC_kin_kaitei_04,level_600,329,function,エアコンがちゃんと機能していない。,The air conditioner is not [functioning] properly.,0,
TOEIC_kin_kaitei_10,level_730,502,biography,アーティストの伝記,a [biography] of an artist,0,
TOEIC_kin_kaitei_10,level_730,588,convert,車庫をオフィスに変える,[convert] a garage into an office,0,
TOEIC_kin_kaitei_01,level_600,6,likely,話し手はおそらくどこで働いていますか。,Where do the speakers most [likely] work?,0,
TOEIC_kin_kaitei_04,level_600,302,priority,安全は我々の最優先事項です。,Safety is our top [priority].,0,
TOEIC_kin_kaitei_01,level_600,29,expect,パテルさんは明日到着する予定だ。,Ms. Patel is [expected] to arrive tomorrow.,0,
TOEIC_kin_kaitei_01,level_600,15,client,顧客と会う,meet with a [client],0,
TOEIC_kin_kaitei_01,level_600,30,recently,私は最近メールアドレスを変えました。,I [recently] changed my email address.,0,
TOEIC_kin_kaitei_15,level_860,705,bin,リサイクル容器を空にする,empty a recycling [bin],0,
TOEIC_kin_kaitei_01,level_600,1,anyway,とにかくやってみよう。,Let's try [anyway].,0,
TOEIC_kin_kaitei_04,level_600,308,campus,その会社の敷地内に,on the company's [campus],0,
TOEIC_kin_kaitei_01,level_600,57,concern,懸念を表す,express [concern],0,
TOEIC_kin_kaitei_16,level_860,834,quota,販売ノルマ,a sales [quota],0,
TOEIC_kin_kaitei_01,level_600,83,replace,電池を取り替える,[replace] the batteries,0,
TOEIC_kin_kaitei_10,level_730,539,expo,ビデオゲームの展示会,a video game [expo],0,
TOEIC_kin_kaitei_09,level_730,404,associate,企業に関連する費用,costs [associated] with starting a business,0,
TOEIC_kin_kaitei_02,level_600,166,warehouse,倉庫から注文を発送する,ship an order from a warehouse,0,
TOEIC_kin_kaitei_09,level_730,491,predict,市場のトレンドは予測するのが難しい。,Market trends are hard to [predict].,0,
TOEIC_kin_kaitei_03,level_600,272,particular,その特定の品物は現在売り切れです。,That [particular] item is currently sold out.,0,
TOEIC_kin_kaitei_16,level_860,829,situated,そのホテルはドバイの中心街に位置している。,The hotel is [situated] in downtown Dubai.,0,
TOEIC_kin_kaitei_01,level_600,69,located,空港近くの便利な場所に位置している。,conveniently [located] near the airport,0,
TOEIC_kin_kaitei_15,level_860,791,screening,映画の初上映,the first [screening] of a film,0,
TOEIC_kin_kaitei_02,level_600,128,operate,カナダで事業を運営する,[operate] a business in Canada,0,
TOEIC_kin_kaitei_01,level_600,5,offer,男性は何をすることを申し出ていますか。,What does the man [offer] to do?,0,
TOEIC_kin_kaitei_09,level_730,471,revenue,広告収入,advertising [revenue],0,
TOEIC_kin_kaitei_11,level_730,620,partnership,業務提携を結ぶ,form a business [partnership],0,
TOEIC_kin_kaitei_11,level_730,652,circumstance,どのような状況下でも,under any [circumstances],0,
TOEIC_kin_kaitei_10,level_730,585,popularity,人気の上昇,a rise in [popularity],0,
TOEIC_kin_kaitei_02,level_600,120,committee,委員会に加わる,join a [committee],0,
TOEIC_kin_kaitei_15,level_860,706,expertise,専門分野,an area of [expertise],0,
TOEIC_kin_kaitei_03,level_600,274,willing,ウィリアムがお手伝いしても構いません。,William is [willing] to help you.,0,
TOEIC_kin_kaitei_09,level_730,406,appliance,キッチン家電,kitchen [appliances],0,
TOEIC_kin_kaitei_03,level_600,286,appropriate,就職面接に適した服装,[appropriate] clothing for a [job interview],0,
TOEIC_kin_kaitei_16,level_860,836,flaw,製品の欠陥を見つける,find a [flaw] in a product,0,
TOEIC_kin_kaitei_15,level_860,710,garment,衣服工場,a [garment] factory,0,
TOEIC_kin_kaitei_15,level_860,704,directory,建物の案内板はどこにありますか。,Where can I find the building [directory]?,0,
TOEIC_kin_kaitei_01,level_600,45,application,申し込み用紙に記入する,fill out an [application],0,
TOEIC_kin_kaitei_16,level_860,884,[patton],特許弁護士を雇う。,hire a patent lawyer.,0,
TOEIC_kin_kaitei_11,level_730,662,housekeeping,客室清掃スタッフ,[housekeeping] staff,0,
TOEIC_kin_kaitei_04,level_600,345,measure,サイズを図る,[measure] the size,0,
TOEIC_kin_kaitei_01,level_600,14,according to,話してによれば、何が変わりましたか。,"[According to] the speaker, what has changed?",0,
TOEIC_kin_kaitei_11,level_730,696,abandon,計画を断念する,[abandon] a plan,0,
TOEIC_kin_kaitei_10,level_730,561,exterior,建物の外部,the [exterior] of a building,0,
TOEIC_kin_kaitei_16,level_860,873,[top knock],一流のカスタマーサービス。,Top Notch customer service.,0,
TOEIC_kin_kaitei_15,level_860,745,medication,風邪薬,cold [medication].,0,
TOEIC_kin_kaitei_03,level_600,262,reward,特典プログラムに参加する,join a [rewards] program,0,
TOEIC_kin_kaitei_03,level_600,243,arrival,到着時刻,the time of [arrival],0,
TOEIC_kin_kaitei_09,level_730,483,outstanding,あなたは素晴らしい仕事をしました。,You have done an [outstanding] job.,0,
TOEIC_kin_kaitei_16,level_860,869,ample,十分な収納スペース。,[ample] storage space.,0,
TOEIC_kin_kaitei_04,level_600,370,reflect,変更を反映する,[reflect] a change,0,
TOEIC_kin_kaitei_03,level_600,258,full-time,常勤の従業員,[full-time] employee,0,
TOEIC_kin_kaitei_11,level_730,684,dispose,廃棄物を処分する,[dispose] of waste,0,
TOEIC_kin_kaitei_11,level_730,641,fairly,手続きはかなり簡単です。,The process is [fairly] simple.,0,
TOEIC_kin_kaitei_02,level_600,147,previous,マネージャーとしての以前の経験,[previous] experience as a manager,0,
TOEIC_kin_kaitei_11,level_730,617,crucial,極めて重要な役割を果たす,play a [crucial] role,0,
TOEIC_kin_kaitei_11,level_730,635,hopefully,できれば彼女にその場にいてほしい。,[Hopefully] she'll be there.,0,
TOEIC_kin_kaitei_09,level_730,437,in-person,対面の会議,an [in-person] meeting,0,
TOEIC_kin_kaitei_16,level_860,886,subsequently,決定が下され、その後実行に移された。,A decision was made and [subsequently] implemented.,0,
TOEIC_kin_kaitei_02,level_600,150,invitation,招待を受け入れる,accept an [invitation],0,
TOEIC_kin_kaitei_16,level_860,831,comparable,これらのスマホは価格が同等だ。,These smartphones are [comparable] in price.,0,
TOEIC_kin_kaitei_11,level_730,700,caution,用心する,use [caution],0,
TOEIC_kin_kaitei_10,level_730,526,coordinate,イベントの調整をする,[coordinate] an event,0,
TOEIC_kin_kaitei_16,level_860,899,[acquainted],友人や知人。,Friends and acquaintances.,0,
TOEIC_kin_kaitei_15,level_860,788,preview,映画を先行で見る,[preview] a film,0,
TOEIC_kin_kaitei_15,level_860,771,last-minute,間際の変更,a [last-minute] change,0,
TOEIC_kin_kaitei_01,level_600,62,note,価格は変更になる場合があるので注意してください。,Please [note] that prices may change.,0,
TOEIC_kin_kaitei_03,level_600,260,monitor,スタッフのパフォーマンスをチェックする,[monitor] staff perform,0,
TOEIC_kin_kaitei_11,level_730,650,eventually,最終的に問題は解決した。,[Eventually] the problem was solved.,0,
TOEIC_kin_kaitei_01,level_600,97,please,私はそのサービスに満足しています。,I'm [pleased] with the service.,0,
TOEIC_kin_kaitei_09,level_730,441,extension,内線990番で私と連絡が取れます。,You can reach me at [extension] 990.,0,
TOEIC_kin_kaitei_15,level_860,709,showcase,新製品を披露する,[showcase] new products,0,
TOEIC_kin_kaitei_11,level_730,605,retain,従業員を採用して維持する,recruit and [retain] employees,0,
TOEIC_kin_kaitei_15,level_860,796,thrive,同社は反映している。,The company is [thriving].,0,
TOEIC_kin_kaitei_16,level_860,849,authentic,本格的なイタリア料理,[authentic] italian dishes,0,
TOEIC_kin_kaitei_02,level_600,140,remind,思い出させてくれてありがとう。,Thanks for [reminding] me.,0,
TOEIC_kin_kaitei_11,level_730,673,substitute,ヤコブさんがシンさんの代わりを務めます。,Ms. Jacobs will [substitute] for Mr. Singh.,0,
TOEIC_kin_kaitei_11,level_730,636,lately,最近、リサを見ていない。,I haven't seen Lisa [lately].,0,
TOEIC_kin_kaitei_16,level_860,881,outlook,世界経済の見通し。,global economic [outlook].,0,
TOEIC_kin_kaitei_01,level_600,70,broadcast,その賞は生放送される,The show will be [broadcast] live,0,
TOEIC_kin_kaitei_01,level_600,63,package,小包みを送る,send a [package],0,
TOEIC_kin_kaitei_15,level_860,736,misplaced,電話を置き忘れてしまいました。,I've [misplaced] my phone.,0,
TOEIC_kin_kaitei_02,level_600,180,downtown,ジョージはシアトルの中心街で育った。,George grew up in [downtown] Seattle.,0,
TOEIC_kin_kaitei_02,level_600,164,cause,問題を引き起こす,[cause] a problem,0,
TOEIC_kin_kaitei_04,level_600,326,institute,テックス語学専門学校,TEX Language [institute],0,
TOEIC_kin_kaitei_02,level_600,168,individual,個々のニーズを満たす,meet [individual] needs,0,
TOEIC_kin_kaitei_09,level_730,458,merger,2社の合併,the [merger] of two companies,0,
TOEIC_kin_kaitei_16,level_860,882,privilege,あなたと一緒にお仕事ができて光栄でした。,It's been a [privilege] working with you.,0,
TOEIC_kin_kaitei_03,level_600,267,flyer,チラシを配る,hand out [flyer],0,
TOEIC_kin_kaitei_15,level_860,713,verify,メールアドレスを確認する,[verify] an email address,0,
TOEIC_kin_kaitei_03,level_600,282,ideal,理想的な職場,an [ideal] place to work,0,
TOEIC_kin_kaitei_11,level_730,614,consist,そのグループは5人のメンバーで構成されている。,The group [consists] of five members.,0,
TOEIC_kin_kaitei_01,level_600,24,advertise,清掃サービスを宣伝する,[advertise] a cleaning service,0,
TOEIC_kin_kaitei_03,level_600,295,mostly,私はあなたとほとんど同意見です。,I [mostly] agree with you.,0,
TOEIC_kin_kaitei_11,level_730,655,surprisingly,驚くほど多くの人,a [surprisingly] large number of people,0,
TOEIC_kin_kaitei_03,level_600,201,comfortable,快適な職場環境,a [comfortable] working environment,0,
TOEIC_kin_kaitei_04,level_600,375,deserve,あなたは昇進に値します。,You [deserve] a promotion.,0,
TOEIC_kin_kaitei_09,level_730,444,expire,そのクーポンは10月19日に期限が切れる。,The coupon [expires] on October 19th.,0,
TOEIC_kin_kaitei_15,level_860,757,tuition,授業料を支払う,pay [tuition] fees,0,
TOEIC_kin_kaitei_03,level_600,202,search,オンラインで検索を行う,conduct a [search] online,0,
TOEIC_kin_kaitei_01,level_600,46,production,高い生産コスト,high [production] costs,0,
TOEIC_kin_kaitei_09,level_730,423,fabric,いくつかの生地サンプルを比較する,compare some [fabric] sample,0,
TOEIC_kin_kaitei_02,level_600,113,organize,会議を準備する,[organize] a meeting,0,
TOEIC_kin_kaitei_16,level_860,850,landlord,家主と入居者,[landlord] and tenants,0,
TOEIC_kin_kaitei_16,level_860,875,autograph,グプタさんがここに来てサインをします。,Mr. Gupta will be here signing [autograph].,0,
TOEIC_kin_kaitei_11,level_730,647,ownership,そのレストランは最近オーナーが変わった。,The restaurant has recently changed [ownership].,0,
TOEIC_kin_kaitei_15,level_860,800,compile,納入業者のリストをまとめる,[compile] a list of suppliers,0,
TOEIC_kin_kaitei_02,level_600,156,attached,添付された用紙にご署名ください。,Please sign the [attached] form.,0,
TOEIC_kin_kaitei_16,level_860,896,interim,暫定社長として勤務する,Serve as [interim] president,0,
TOEIC_kin_kaitei_11,level_730,658,poll,世論調査の結果,the results of a [poll],0,
TOEIC_kin_kaitei_09,level_730,432,banquet,受賞晩餐会に出席する,attend an awards [banquet],0,
TOEIC_kin_kaitei_15,level_860,716,cuisine,フランス料理,French [cuisine],0,
TOEIC_kin_kaitei_02,level_600,173,directly,ディエゴは直接オフィスに行った。,Diego went [directly] to the office.,0,
TOEIC_kin_kaitei_11,level_730,637,brand new,新品の家具,[brand new] furniture,0,
TOEIC_kin_kaitei_11,level_730,666,ease,使いやすさ,[ease] of use,0,
TOEIC_kin_kaitei_02,level_600,108,representative,カスタマーサービス担当者,a customer service [representative],0,
TOEIC_kin_kaitei_01,level_600,8,available,チケットはオンラインで入手可能です。,Tickets are [available] online.,0,
TOEIC_kin_kaitei_15,level_860,715,reimburse,リタは旅費を払い戻された。,Rita was [reimbursed] for her travel expenses.,0,
TOEIC_kin_kaitei_16,level_860,840,undertake,プロジェクトを引き受ける,[undertake] a project,0,
TOEIC_kin_kaitei_09,level_730,465,pickup,予定された引き取り時間,a scheduled [pickup] time,0,
TOEIC_kin_kaitei_15,level_860,763,malfunction,コンピュータの故障,a computer [malfunction],0,
TOEIC_kin_kaitei_03,level_600,290,identify,潜在的な顧客を特定する,[identify] potential customer,0,
TOEIC_kin_kaitei_10,level_730,515,overtime,長時間残業する,work a lot of [overtime],0,
TOEIC_kin_kaitei_10,level_730,594,independent,独立した会社,an [independent] company,0,
TOEIC_kin_kaitei_04,level_600,335,athletic,運動靴,[athletic] shoot,0,
TOEIC_kin_kaitei_16,level_860,866,endeavor,皆様の今後の努力に幸運がありますように。,Good luck in your future [endeavors]!,0,
TOEIC_kin_kaitei_09,level_730,464,receptionist,ホテルの受付係,a hotel [receptionist],0,
TOEIC_kin_kaitei_11,level_730,642,disturb,お邪魔してすみません。,I'm sorry to [disturb] you.,0,
TOEIC_kin_kaitei_10,level_730,581,forum,討論会に出席する,attend a [forum],0,
TOEIC_kin_kaitei_09,level_730,470,overnight,無料の翌日配達,free [overnight] delivery,0,
TOEIC_kin_kaitei_01,level_600,67,firm,法律事務所,a law [firm],0,
TOEIC_kin_kaitei_15,level_860,712,spokesperson,同社の広報担当者,a [spokesperson] for the company,0,
TOEIC_kin_kaitei_15,level_860,721,portfolio,デザインの作品集を作る,create a design [portfolio],0,
TOEIC_kin_kaitei_04,level_600,310,agricultural,農産物,[agricultural] product,0,
TOEIC_kin_kaitei_01,level_600,80,colleague,同僚を手伝う,assist a [colleague],0,
TOEIC_kin_kaitei_02,level_600,188,region,その地域最大の雇用主,the largest employer in the [region],0,
TOEIC_kin_kaitei_04,level_600,307,fuel,燃料価格,[fuel] prices,0,
TOEIC_kin_kaitei_16,level_860,880,sophisticated,高度な機器,[sophisticated] equipment,0,
TOEIC_kin_kaitei_09,level_730,433,venue,会議の会場,a conference [venue],0,
TOEIC_kin_kaitei_16,level_860,859,assorted,詰合せのチョコレートの箱,a box of [assorted] chocolate,0,
TOEIC_kin_kaitei_10,level_730,551,internal,社内コミュニケーションを改善する,improve [internal] communication,0,
TOEIC_kin_kaitei_15,level_860,711,plumbing,配管システムを設置する,install a [plumbing] system,0,
TOEIC_kin_kaitei_04,level_600,361,valuable,チームの貴重な新戦力,a [valuable] addition to the team,0,
TOEIC_kin_kaitei_03,level_600,273,legal,法律のアドバイス,[legal] advice,0,
TOEIC_kin_kaitei_02,level_600,112,candidate,仕事の候補者,a job [candidate],0,
TOEIC_kin_kaitei_15,level_860,748,nationwide,全国配送,[nationwide] delivery,0,
TOEIC_kin_kaitei_16,level_860,821,courtyard,中庭に噴水がある。,There's a fountain in the [courtyard].,0,
TOEIC_kin_kaitei_10,level_730,583,round-trip,ムンバイへの往復のチケット,a [round-trip] ticket to mumbai,0,
TOEIC_kin_kaitei_01,level_600,64,document,文章を見直す,review a [document],0,
TOEIC_kin_kaitei_11,level_730,685,prominent,有名なビジネスリーダー,a [prominent] business leader,0,
TOEIC_kin_kaitei_10,level_730,538,input,ご意見ありがとうございます。,Thank you for your [input].,0,
TOEIC_kin_kaitei_09,level_730,402,storage,保管施設,a [storage] facility,0,
TOEIC_kin_kaitei_04,level_600,385,aim,そのクラスは初心者向けです。,The class is [aimed] at beginners.,0,
TOEIC_kin_kaitei_03,level_600,299,decline,招待を断る,[decline] an invitation,0,
TOEIC_kin_kaitei_10,level_730,595,urgent,緊急の必要性,an [urgent] need,0,
TOEIC_kin_kaitei_02,level_600,169,permit,建築許可書を申請する,apply for a building [permit],0,
TOEIC_kin_kaitei_15,level_860,725,disruption,大きな混乱を引き起こす,cause major [disruptions],0,
TOEIC_kin_kaitei_02,level_600,195,effective,効果的なコミュニケーション,[effective] communication,0,
TOEIC_kin_kaitei_11,level_730,686,faculty,学生と教員の両方,both students and [faculty],0,
TOEIC_kin_kaitei_15,level_860,731,slot,30分の時間枠,a 30-minute time [slot],0,
TOEIC_kin_kaitei_04,level_600,393,slightly,平均よりわずかに良い,[slightly] better than average,0,
TOEIC_kin_kaitei_02,level_600,196,investment,不動産投資,[investment] in real estate,0,
TOEIC_kin_kaitei_15,level_860,708,prototype,試作品を開発する,develop a [prototype],0,
TOEIC_kin_kaitei_15,level_860,728,landmark,歴史的建造物,a historic [landmark],0,
TOEIC_kin_kaitei_15,level_860,779,furnished,家具完備のアパート,a fully [furnished] apartment,0,
TOEIC_kin_kaitei_01,level_600,52,contract,契約書に署名する,sign a [contract],0,
TOEIC_kin_kaitei_04,level_600,390,promising,有望な候補者。,a [promising] candidate,0,
TOEIC_kin_kaitei_02,level_600,134,executive,会社の重役,a company [executive],0,
TOEIC_kin_kaitei_10,level_730,536,routine,定期メンテナンス,[routine] maintenance,0,
TOEIC_kin_kaitei_11,level_730,603,presence,SNS上での強い存在感,a strong [presence] on social media,0,
TOEIC_kin_kaitei_02,level_600,131,describe,状況を説明する。,[describe] a situation,0,
TOEIC_kin_kaitei_10,level_730,569,thrill,ペシャルゲストをお迎えしてとても興奮しています。,We're [thrilled] to have a special guest.,0,
TOEIC_kin_kaitei_01,level_600,17,indicate,ホテルについて何が示されていますか。,What is [indicated] about the hotel?,0,
TOEIC_kin_kaitei_01,level_600,98,instruction,指示に従う,follow the [instructions],0,
TOEIC_kin_kaitei_10,level_730,524,enhance,質を高める,[enhance] quality,0,
TOEIC_kin_kaitei_09,level_730,476,household,家庭用電化製品,[household] appliances,0,
TOEIC_kin_kaitei_16,level_860,854,trustee,理事会,a board of [trustees],0,
TOEIC_kin_kaitei_09,level_730,428,lease,2年間の賃貸借,a two-year [lease],0,
TOEIC_kin_kaitei_11,level_730,668,kindly,どうかこのメールにご返信ください。,[Kindly] RSVP to this email.,0,
TOEIC_kin_kaitei_04,level_600,395,economic,最近の経済成長,recent [economic] growth,0,
TOEIC_kin_kaitei_02,level_600,198,degree,ジャーナリズムの大学の学位,a university [degree] in journalism,0,
TOEIC_kin_kaitei_15,level_860,764,restart,コンピュータを再起動する,[restart] a computer,0,
TOEIC_kin_kaitei_15,level_860,741,scenic,景色の美しい地域,a region of [scenic] beauty,0,
TOEIC_kin_kaitei_16,level_860,814,preliminary,予備調査,[preliminary] research,0,
TOEIC_kin_kaitei_09,level_730,415,beverages,様々な食べ物や飲み物,a variety of food and [beverages],0,
TOEIC_kin_kaitei_03,level_600,254,landscaping,造園会社,a [landscaping] company,0,
TOEIC_kin_kaitei_04,level_600,334,enable,テクノロジーは在宅勤務を可能にする。,Technology [enables] us to work from home.,0,
TOEIC_kin_kaitei_03,level_600,263,status,注文の状況,the status of an order,0,
TOEIC_kin_kaitei_02,level_600,133,volunteer,ビクトリアは土曜出勤を進んで申し出た。,Victoria [volunteered] to work on Saturday.,0,
TOEIC_kin_kaitei_09,level_730,498,via,メールで情報を送る,send information [via] email,0,
TOEIC_kin_kaitei_03,level_600,256,grant,助成金を申請する,apply for a [grant],0,
TOEIC_kin_kaitei_16,level_860,847,fertilizer,有機肥料,organic [fertilizer],0,
TOEIC_kin_kaitei_04,level_600,304,reasonable,手頃な価格,a [reasonable] price,0,
TOEIC_kin_kaitei_03,level_600,296,initial,最初の面接,an [initial] interview,0,
TOEIC_kin_kaitei_04,level_600,350,emergency,緊急時の電話番号,[emergency] phone number,0,
TOEIC_kin_kaitei_02,level_600,144,track,追跡番号,a [tracking] number,0,
TOEIC_kin_kaitei_09,level_730,409,inventory,在庫を減らす,reduce [inventory],0,
TOEIC_kin_kaitei_04,level_600,327,completely,そのホテルは完全に満室です。,The hotel is [completely] full.,0,
TOEIC_kin_kaitei_15,level_860,702,inconvenience,ご不便をおかけして申し訳ございません。,We apologize for the [inconvenience].,0,
TOEIC_kin_kaitei_04,level_600,380,proceed,ステージに進んでください。,Please [proceed] to the stage.,0,
TOEIC_kin_kaitei_04,level_600,386,normally,普段は家で仕事をしています。,"[Normally], I work at home.",0,
TOEIC_kin_kaitei_09,level_730,443,certificate,修了証,a [certificate] of completion,0,
TOEIC_kin_kaitei_16,level_860,844,shed,裏庭に物置を建てる,build a [shed] in the backyard,0,
TOEIC_kin_kaitei_10,level_730,599,personalized,個人に合わせた顧客サービス,[personalized] customer service,0,
TOEIC_kin_kaitei_03,level_600,235,ability,他人とうまく働く能力,[ability] to work well with others,0,
TOEIC_kin_kaitei_11,level_730,621,scratch,画面が傷ついた,the screen was [scratched],0,
TOEIC_kin_kaitei_16,level_860,876,influential,影響力のあるビジネスリーダー。,an [influential] business leader.,0,
TOEIC_kin_kaitei_09,level_730,479,oversee,日々の業務を監督する,[oversee] day-to-day operations,0,
TOEIC_kin_kaitei_15,level_860,722,browse,書店で新刊を見て回る,[browse] a bookstore for new releases,0,
TOEIC_kin_kaitei_15,level_860,760,blueprint,建物の設計図,[blueprints] for a building,0,
TOEIC_kin_kaitei_10,level_730,532,long-term,長期契約,a [long-term] contract,0,
TOEIC_kin_kaitei_03,level_600,218,division,部門長,a [division] manager,0,
TOEIC_kin_kaitei_01,level_600,34,require,スタッフは制服の着用を求められます。,Staff are [required] to wear uniform.,0,
TOEIC_kin_kaitei_11,level_730,695,concentrate,仕事に集中する,[concentrate] on work,0,
TOEIC_kin_kaitei_16,level_860,878,dominate,市場を支配する,[dominate] the market,0,
TOEIC_kin_kaitei_03,level_600,281,exactly,エルサは何をすべきか正確に知っていた。,Elsa knew [exactly] what to do.,0,
TOEIC_kin_kaitei_15,level_860,793,discard,古本を捨てる,[discard] old books,0,
TOEIC_kin_kaitei_01,level_600,16,review,プレゼンを見直す,[review] a presentation,0,
TOEIC_kin_kaitei_04,level_600,351,analyze,販売データを分析する,[analyze] sales data,0,
TOEIC_kin_kaitei_03,level_600,251,establish,その会社は30年前に設立された。,The firm was [established] 30 years ago.,0,
TOEIC_kin_kaitei_16,level_860,867,adhere,会社の規定に忠実に従う。,[adhere] to company policy.,0,
TOEIC_kin_kaitei_10,level_730,535,hesitate,遠慮なく私にご連絡ください。,Please do not [hesitate] to contact me.,0,
TOEIC_kin_kaitei_16,level_860,879,breakdown,コストの内訳,a cost [breakdown],0,
TOEIC_kin_kaitei_03,level_600,215,regarding,当社サービスに関するご質問,questions [regarding] our services,0,
TOEIC_kin_kaitei_16,level_860,897,prime,ショッピングには最高の立地,a [prime] location for shopping,0,
TOEIC_kin_kaitei_10,level_730,570,transition,新システムへの移行,[transition] to a new system,0,
TOEIC_kin_kaitei_15,level_860,717,discontinue,その機種は最近生産終了になった。,The model was recently [discontinued].,0,
TOEIC_kin_kaitei_09,level_730,439,ingredient,新鮮な食材を使う,use fresh [ingredients],0,
TOEIC_kin_kaitei_04,level_600,311,donation,事前団体に寄付をする,make a [donation] to a charity,0,
TOEIC_kin_kaitei_01,level_600,33,feature,そのイベントはライブ演奏を呼び物にする予定だ。,The event will [feature] live music.,0,
TOEIC_kin_kaitei_01,level_600,56,detail,計画の詳細,[details] of a plan,0,
TOEIC_kin_kaitei_10,level_730,580,accomplishment,職業上の業績,professional [accomplishment],0,
TOEIC_kin_kaitei_02,level_600,186,impress,あなたの仕事ぶりにはとても関心しています。,I'm really [impressed] with your work.,0,
TOEIC_kin_kaitei_15,level_860,732,leak,水漏れを治す,fix a water [leak],0,
TOEIC_kin_kaitei_10,level_730,528,accessible,公共交通機関で簡単にいける,easily [accessible] by public transportation,0,
TOEIC_kin_kaitei_09,level_730,481,approximately,約7時間,[approximately] seven hours,0,
TOEIC_kin_kaitei_03,level_600,219,retire,リチャードは先週退職した。,Richard [retired] last week.,0,
TOEIC_kin_kaitei_10,level_730,545,usage,電気の使用量,electricity usage,0,
TOEIC_kin_kaitei_09,level_730,453,enroll,料理教室に入会する,[enroll] in a cooking class,0,
TOEIC_kin_kaitei_01,level_600,54,facility,施設を見学する,tour of [facility],0,
TOEIC_kin_kaitei_15,level_860,726,transit,輸送中のダメージ,damage in [transit],0,
TOEIC_kin_kaitei_03,level_600,236,temporary,臨時職,a [temporary] position,0,
TOEIC_kin_kaitei_01,level_600,58,option,最も安い選択肢を選ぶ,choose the cheapest [option],0,
TOEIC_kin_kaitei_02,level_600,175,competition,競技会にエントリーする,enter a [competition],0,
TOEIC_kin_kaitei_03,level_600,210,obtained,著者から許可を得る,obtain permission from the author,0,
TOEIC_kin_kaitei_04,level_600,342,income,収入源,a source of [income],0,
TOEIC_kin_kaitei_04,level_600,333,confident,私にはそれができる自信があります。,I'm [confident] that I can do it.,0,
TOEIC_kin_kaitei_02,level_600,145,unfortunately,残念ながら我々は締め切りを逃してしまった。,"[Unfortunately], we missed the deadline.",0,
TOEIC_kin_kaitei_02,level_600,189,apologize,遅れをおわびします。,We [apologize] for the delay.,0,
TOEIC_kin_kaitei_02,level_600,141,estimate,費用の見積もりを依頼する,request a cost [estimate],0,
TOEIC_kin_kaitei_02,level_600,137,refund,全額返金,a full [refund],0,
TOEIC_kin_kaitei_02,level_600,193,luggage,その航空会社は私の手荷物を紛失した。,The airline lost my luggage.,0,
TOEIC_kin_kaitei_03,level_600,217,complaints,顧客の苦情に対応する,respond to customer [complaints],0,
TOEIC_kin_kaitei_02,level_600,154,handle,問題に対処する,[handle] a problem,0,
TOEIC_kin_kaitei_03,level_600,223,modern,現代のテクノロジーを使う,use [modern] technology,0,
TOEIC_kin_kaitei_09,level_730,448,itinerary,旅行の前に旅程表に目を通してください。,Review the [itinerary] before your trip.,0,
TOEIC_kin_kaitei_11,level_730,609,paycheck,給料を受け取る,receive a [paycheck],0,
TOEIC_kin_kaitei_02,level_600,165,device,モバイル機器,a mobile [device],0,
TOEIC_kin_kaitei_11,level_730,634,diverse,多様な顧客層,a [diverse] range of clients,0,
TOEIC_kin_kaitei_09,level_730,475,prior,出荷前に,[prior] to shipping,0,
TOEIC_kin_kaitei_03,level_600,204,maintain,ウェブサイトを維持管理する,[maintain] a website,0,
TOEIC_kin_kaitei_04,level_600,347,occur,その問題はまだ起きている。,The problem still [occurs].,0,
TOEIC_kin_kaitei_11,level_730,669,artificial,人工調味料,[artificial] flavors,0,
TOEIC_kin_kaitei_04,level_600,319,vote,お気に入りの曲に投票してください。,[Vote] for your favorite song.,0,
TOEIC_kin_kaitei_04,level_600,400,atmosphere,温かい雰囲気,a warm [atmosphere],0,
TOEIC_kin_kaitei_16,level_860,900,transparent,透明なプラスチック容器。,A [transparent] plastic container.,0,
TOEIC_kin_kaitei_11,level_730,699,ambitious,野心的な目標を達成する,achieve an [ambitious] goal,0,
TOEIC_kin_kaitei_11,level_730,690,apparently,どうやら問題があったらしい。,"[apparently], there was a problem.",0,
TOEIC_kin_kaitei_15,level_860,794,introductory,入門コース,an [introductory] course,0,
TOEIC_kin_kaitei_04,level_600,365,appeal,その映画は全年齢層の心に訴える。,The movie [appeals] to all ages.,0,
TOEIC_kin_kaitei_10,level_730,543,acknowledge,手紙の受領を知らせる,[acknowledge] receipt of a letter,0,
TOEIC_kin_kaitei_03,level_600,238,affect,価格に影響する,[affect] the price,0,
TOEIC_kin_kaitei_03,level_600,287,departure,出発予定時刻,the scheduled [departure] time,0,
TOEIC_kin_kaitei_09,level_730,489,laundry,そのホテルは洗濯サービスを提供している。,The hotel offers a [laundry] service.,0,
TOEIC_kin_kaitei_16,level_860,805,respected,非常に評判の高い会社,a highly [respected] firm,0,
TOEIC_kin_kaitei_16,level_860,870,protocol,安全手順に従う。,Follow safety [protocol].,0,
TOEIC_kin_kaitei_16,level_860,824,retrieve,失われたデータを取り戻す,[retrieve] lost data,0,
TOEIC_kin_kaitei_10,level_730,506,alert,人々に接近中の嵐への注意を喚起する,[alert] people to the approaching storm,0,
TOEIC_kin_kaitei_01,level_600,42,budget,予算を増やす,increase the [budget],0,
TOEIC_kin_kaitei_04,level_600,336,impact,環境への影響,[impact] on the environment,0,
TOEIC_kin_kaitei_11,level_730,644,transform,TOEICで夢を現実に変えよう。,[Transform] your dreams into reality with TOEI.,0,
TOEIC_kin_kaitei_02,level_600,135,transportation,公共交通機関を利用する,use public [transportation],0,
TOEIC_kin_kaitei_10,level_730,590,postal,郵便番号,a [postal] code,0,
TOEIC_kin_kaitei_15,level_860,723,pastry,焼き菓子のシェフ,a [pastry] chef,0,
TOEIC_kin_kaitei_16,level_860,872,artisan,地元の芸術家と職人,local artists and [artisans],0,
TOEIC_kin_kaitei_04,level_600,379,dozen,マネージャーは12枚のピザを注文した。,The manager ordered a [dozen] pizza.,0,
TOEIC_kin_kaitei_16,level_860,862,accumulate,ポイントを溜める。,[accumulate] points.,0,
TOEIC_kin_kaitei_02,level_600,117,participate,会議に参加する,[participate] in a conference,0,
TOEIC_kin_kaitei_15,level_860,797,frustrated,私はそのサービスにイライラしています。,I'm [frustrated] with the service.,0,
TOEIC_kin_kaitei_09,level_730,446,eligible,エリックには昇進の資格がある。,Eric is [eligible] for a promotion.,0,
TOEIC_kin_kaitei_02,level_600,123,approve,リクエストを承認する,[approve] a request,0,
TOEIC_kin_kaitei_09,level_730,419,subscription,サブスクを申し込む,sign up for a [subscription],0,
TOEIC_kin_kaitei_02,level_600,199,entire,5月全体を通して,for the [entire] month of May,0,
TOEIC_kin_kaitei_10,level_730,544,authorize,公認のサービスセンター,an [authorized] service center,0,
TOEIC_kin_kaitei_10,level_730,511,primarily,当社製品は主に欧州で販売されています。,Our products are sold [primarily] in Europe.,0,
TOEIC_kin_kaitei_02,level_600,102,accounting,会計事務所,an [accounting] firm,0,
TOEIC_kin_kaitei_15,level_860,753,compliment,私はコウジのTOEICのスコアを褒めました。,I [complimented] Koji on his Toic score.,0,
TOEIC_kin_kaitei_09,level_730,451,affordable,手頃な家を探す,look for [affordable] housing,0,
TOEIC_kin_kaitei_16,level_860,874,distraction,職場での邪魔を最小限にする。,Minimize [distractions] at work.,0,
TOEIC_kin_kaitei_11,level_730,612,collaborate,同僚と協力する,[collaborate] with colleagues,0,
TOEIC_kin_kaitei_10,level_730,514,quote,無料見積もり,a free [quote],0,
TOEIC_kin_kaitei_15,level_860,766,incorporate,日々の週間に運動を取り入れる,[incorporate] exercise into your routine,0,
TOEIC_kin_kaitei_02,level_600,109,author,有名な著者,a famous [author],0,
TOEIC_kin_kaitei_02,level_600,121,advance,前持って予約する,make a reservation in [advance],0,
TOEIC_kin_kaitei_09,level_730,459,craft,美術工芸,arts and [crafts],0,
TOEIC_kin_kaitei_02,level_600,153,attract,新規顧客を引きつける,[attract] new customers,0,
TOEIC_kin_kaitei_03,level_600,211,immediately,リクエストにすぐに応じる,reply to our request [immediately],0,
TOEIC_kin_kaitei_10,level_730,505,relevant,関連する職務経験,[relevant] work experience,0,
TOEIC_kin_kaitei_16,level_860,891,compromise,品質を損なうことなくコストを削減する,reduce costs without [compromising] quality,0,
TOEIC_kin_kaitei_15,level_860,798,respectively,テックスとマサヤ。それぞれ16歳と18歳。,"Tex and Masaya, 16 and 18, [respectively]",0,
TOEIC_kin_kaitei_03,level_600,280,familiar,私はその地域をよく知っています。,I'm [familiar] with the area.,0,
TOEIC_kin_kaitei_16,level_860,804,congestion,交通渋滞,traffic [congestion],0,
TOEIC_kin_kaitei_01,level_600,50,delay,飛行機が遅れている,The flight is [delayed],0,
TOEIC_kin_kaitei_15,level_860,724,durable,耐久性のある素材,[durable] materials,0,
TOEIC_kin_kaitei_04,level_600,301,suitable,全年齢に適している,[suitable] for all ages,0,
TOEIC_kin_kaitei_10,level_730,550,substantial,かなりの寄付をする,make a [substantial] donation,0,
TOEIC_kin_kaitei_02,level_600,129,résumé,カバーレターと履歴書を提出する。,Submit a cover letter and [résumé],0,
TOEIC_kin_kaitei_03,level_600,220,method,支払い方法を選ぶ,choose a payment [method],0,
TOEIC_kin_kaitei_09,level_730,490,fundraising,募金イベント,a [fundraising] event,0,
TOEIC_kin_kaitei_16,level_860,865,intensive,2週間の集中コース。,a two-week [intensive] course.,0,
TOEIC_kin_kaitei_11,level_730,691,capture,観客の注意を引く,[capture] the audience's attention,0,
TOEIC_kin_kaitei_11,level_730,633,cite,例を挙げる,[cite] an example,0,
TOEIC_kin_kaitei_03,level_600,203,photography,写真撮影スタジオ,a [photography] studio,0,
TOEIC_kin_kaitei_15,level_860,773,mandatory,必須の研修に出席する,attend [mandatory] training,0,
TOEIC_kin_kaitei_02,level_600,159,suppose,私はサイトウさんに会うことになっています。,I'm [supposed] to meet with Mr. Saito.,0,
TOEIC_kin_kaitei_09,level_730,442,contractor,建築請負業者,a building [contractor],0,
TOEIC_kin_kaitei_02,level_600,191,solution,解決策を提案する,propose a [solution],0,
TOEIC_kin_kaitei_04,level_600,381,connection,無線インターネット接続,a wireless internet [connection],0,
TOEIC_kin_kaitei_03,level_600,212,electronic,電子決裁を行う,make an [electronic] payment,0,
TOEIC_kin_kaitei_01,level_600,32,supply,事務用品,office [supplies],0,
TOEIC_kin_kaitei_03,level_600,275,properly,プリンターがきちんと機能していない,the printer is not working [properly],0,
TOEIC_kin_kaitei_16,level_860,820,memorable,記憶に残る経験,a [memorable] experience,0,
TOEIC_kin_kaitei_09,level_730,430,assign,チームに仕事を終わり当てる,assign tasks to a team,0,
TOEIC_kin_kaitei_11,level_730,632,fulfill,要望を満たす,[fulfill] a request,0,
TOEIC_kin_kaitei_11,level_730,631,workload,仕事量を減らす,reduce a [workload],0,
TOEIC_kin_kaitei_10,level_730,600,stain,服からしみを取り除く,remove [stains] from clothes,0,
TOEIC_kin_kaitei_10,level_730,534,county,テックス郡の農家,farmers in tex [county],0,
TOEIC_kin_kaitei_16,level_860,887,evenly,表面に塗料をムラなく塗る。,Apply the paint [evenly] to the surface.,0,
TOEIC_kin_kaitei_15,level_860,744,bulk,大量購入する,buy in [bulk],0,
TOEIC_kin_kaitei_15,level_860,786,solicit,同僚から意見を求める,[solicit] feedback from colleagues,0,
TOEIC_kin_kaitei_03,level_600,270,various,様々な色やサイズ,[various] colors and sizes,0,
TOEIC_kin_kaitei_04,level_600,346,basis,毎月支払う,pay on a monthly [basis],0,
TOEIC_kin_kaitei_15,level_860,787,audit,会計監査を行う,conduct an [audit],0,
TOEIC_kin_kaitei_10,level_730,542,prescription,処方箋の受取準備ができました。,Your [prescription] is ready for pickup.,0,
TOEIC_kin_kaitei_09,level_730,435,conclude,渡辺さんについて何が結論付けられますか？,What can be [concluded] about Ms. Watanabe?,0,
TOEIC_kin_kaitei_01,level_600,89,promote,パブロは最近マネージャーに昇進した。,Pablo was recently [promoted] to manager.,0,
TOEIC_kin_kaitei_01,level_600,43,appointment,医師の予約を取る,make an [appointment] with a doctor,0,
TOEIC_kin_kaitei_03,level_600,294,decade,10年以上にわたって,for over a [decade],0,
TOEIC_kin_kaitei_04,level_600,360,labor,人件費,[labor] cost,0,
TOEIC_kin_kaitei_04,level_600,324,automatically,ソフトは自動的にアップデートされます。,The software is updated [automatically].,0,
TOEIC_kin_kaitei_16,level_860,819,texture,シルクの滑らかな手触り,the smooth [texture] of silk,0,
TOEIC_kin_kaitei_01,level_600,88,prefer,私はチームで仕事をする方が好きです。,I [prefer] to work on a team.,0,
TOEIC_kin_kaitei_02,level_600,130,reschedule,アポの予定を変更する。,[reschedule] an appointment,0,
TOEIC_kin_kaitei_01,level_600,99,latest,最新の交通情報,the [latest] traffic report,0,
TOEIC_kin_kaitei_09,level_730,445,assembly,組み立てラインを見学する,tour the [assembly] line,0,
TOEIC_kin_kaitei_10,level_730,549,utility,公共サービスの請求書,a [utility] bill,0,
TOEIC_kin_kaitei_09,level_730,466,evaluate,製品を評価する,[evaluate] a product,0,
TOEIC_kin_kaitei_04,level_600,383,preserve,環境を保護する,[preserve] the environment,0,
TOEIC_kin_kaitei_01,level_600,78,install,エアコンを設置する,[install] an air conditioning unit,0,
TOEIC_kin_kaitei_11,level_730,665,owe,我々の成功は従業員のおかげです。,We [owe] our success to our employees.,0,
TOEIC_kin_kaitei_01,level_600,59,annual,年一回の社員ピクニック,the [annual] company picnic,0,
TOEIC_kin_kaitei_10,level_730,564,recall,彼に以前会ったことは思い出せません。,I don't [recall] seeing him before.,0,
TOEIC_kin_kaitei_10,level_730,584,calculate,配送コストを計算する,[calculate] delivery costs,0,
TOEIC_kin_kaitei_01,level_600,92,exhibit,美術展,an art [exhibit],0,
TOEIC_kin_kaitei_09,level_730,460,alternative,代わりの会場,an [alternative] venue,0,
TOEIC_kin_kaitei_04,level_600,378,treatment,水処理工場,a water [treatment] plant,0,
TOEIC_kin_kaitei_02,level_600,151,original,原本のレシート,the [original] receipt,0,
TOEIC_kin_kaitei_02,level_600,146,editor,雑誌の編集者,a magazine [editor],0,
TOEIC_kin_kaitei_10,level_730,540,mechanical,機械の問題,a [mechanical] problem,0,
TOEIC_kin_kaitei_11,level_730,697,objective,プロジェクトの目的,the [objective] of the project,0,
TOEIC_kin_kaitei_03,level_600,228,renew,会員資格を更新する,[renew] a membership,0,
TOEIC_kin_kaitei_04,level_600,384,crop,年間の米の収穫高,the annual rice [crop],0,
TOEIC_kin_kaitei_01,level_600,60,suggestion,ご提案に従います。,I'll follow your [suggestion].,0,
TOEIC_kin_kaitei_04,level_600,397,practical,実践的な経験を積む,gain [practical] experience,0,
TOEIC_kin_kaitei_11,level_730,660,gratitude,感謝を表す,express [gratitude],0,
TOEIC_kin_kaitei_04,level_600,388,factor,考慮すべき要素がいくつかあります。,There are several [factors] to consider.,0,
TOEIC_kin_kaitei_02,level_600,163,manufacturer,家具メーカー,a furniture [manufacturer],0,
TOEIC_kin_kaitei_04,level_600,321,cooperation,ご協力ありがとうございます。,Thank you for your [cooperation].,0,
TOEIC_kin_kaitei_03,level_600,288,quantity,大量の食べ物,a large [quantity] of food,0,
TOEIC_kin_kaitei_01,level_600,51,policy,返品規定,A return [policy],0,
TOEIC_kin_kaitei_11,level_730,678,occupied,その部屋は今使用中です。,The room is [occupied] right now.,0,
TOEIC_kin_kaitei_01,level_600,49,award,受賞する,receive an [award],0,
TOEIC_kin_kaitei_11,level_730,602,seasonal,季節のメニュー,a [seasonal] menu,0,
TOEIC_kin_kaitei_02,level_600,143,appreciate,皆様のご支援に感謝しています。,We [appreciate] your support.,0,
TOEIC_kin_kaitei_04,level_600,306,forecast,天気予報,a weather [forecast],0,
TOEIC_kin_kaitei_03,level_600,206,involved,私はそのプロジェクトに関わって（巻き込まれて）いました。,I was [involved] with the project.,0,
TOEIC_kin_kaitei_09,level_730,462,negotiate,顧客と交渉する,[negotiate] with a client,0,
TOEIC_kin_kaitei_09,level_730,467,remodel,オフィスを改築する,[remodel] an office,0,
TOEIC_kin_kaitei_02,level_600,182,further,さらなる詳細をお知らせください。,Please provide [further] details.,0,
TOEIC_kin_kaitei_09,level_730,410,warranty,3年保証,a three-year [warranty],0,
TOEIC_kin_kaitei_10,level_730,555,knowledgeable,知識の豊富な顧客サービス担当者,[knowledgeable] customer service representative,0,
TOEIC_kin_kaitei_10,level_730,575,reject,提案を却下する,[reject] a suggestion,0,
TOEIC_kin_kaitei_11,level_730,656,suspend,生産を一時停止する,[suspend] production,0,
TOEIC_kin_kaitei_01,level_600,91,clothing,衣料品の新しいラインナップ,a new line of [clothing],0,
TOEIC_kin_kaitei_03,level_600,209,advice,聞き手は何をするように勧められていますか。,What are the listeners [advised] to do?,0,
TOEIC_kin_kaitei_03,level_600,255,tax,消費税,sales [tax],0,
TOEIC_kin_kaitei_01,level_600,79,allow,従業員が在宅で働くことを許可する,[allow] employees to work from home,0,
TOEIC_kin_kaitei_01,level_600,44,additional,追加情報を求める,Request [additional] information,0,
TOEIC_kin_kaitei_16,level_860,809,resume,生産を再開する,[resume] production,0,
TOEIC_kin_kaitei_02,level_600,116,conduct,アンケート調査を行う,[conduct] a survey,0,
TOEIC_kin_kaitei_04,level_600,382,rush,急ぎの注文,a [rush] order,0,
TOEIC_kin_kaitei_09,level_730,403,invoice,請求書を送る,send an [invoice],0,
TOEIC_kin_kaitei_04,level_600,362,extremely,騒音は非常に大きかった。,The noise was [extremely] loud.,0,
TOEIC_kin_kaitei_10,level_730,593,clarify,手順を明確にする,[clarify] a procedure,0,
TOEIC_kin_kaitei_01,level_600,7,provide,製品に関する情報を提供する。,[provide] information about a product.,0,
TOEIC_kin_kaitei_02,level_600,157,correct,間違いを訂正する,[correct] an error,0,
TOEIC_kin_kaitei_15,level_860,780,suite,スイートルームを予約する,reserve a [suite],0,
TOEIC_kin_kaitei_15,level_860,790,conservation,野生動物保護,wildlife [conservation],0,
TOEIC_kin_kaitei_09,level_730,457,refreshment,軽い飲食物が出ます,light [refreshments] will be served,0,
TOEIC_kin_kaitei_15,level_860,718,culinary,料理学校,a [culinary] school,0,
TOEIC_kin_kaitei_10,level_730,519,flexible,柔軟な勤務スケジュール,a [flexible] work schedule,0,
TOEIC_kin_kaitei_15,level_860,783,logistic,物流コンサルタント,a [logistics] consultant,0,
TOEIC_kin_kaitei_10,level_730,533,challenging,やりがいのある仕事,a [challenging] task,0,
TOEIC_kin_kaitei_16,level_860,837,rigorous,厳格なテストを受ける,undergo [rigorous] testing,0,
TOEIC_kin_kaitei_04,level_600,332,prevent,問題の再発を防ぐ,[prevent] a problem from happening again,0,
TOEIC_kin_kaitei_02,level_600,107,accept,オファーを受け入れる。,[accept] an offer,0,
TOEIC_kin_kaitei_11,level_730,606,visible,山々がはっきり見える,mountains are clearly [visible],0,
TOEIC_kin_kaitei_10,level_730,565,conflict,予定の重複,a scheduling [conflict],0,
TOEIC_kin_kaitei_03,level_600,224,standard,品質基準,quality [standard],0,
TOEIC_kin_kaitei_15,level_860,759,ongoing,進行中のプロジェクト,an [ongoing] project,0,
TOEIC_kin_kaitei_09,level_730,461,historic,歴史的建造物,[historic] buildings.,0,
TOEIC_kin_kaitei_10,level_730,520,transaction,クレジットカードの取引,credit card [transaction],0,